<?xml version="1.0"?>
<measure>
  <schema_version>3.0</schema_version>
  <name>change_building_location</name>
  <uid>d4db4971-f5ba-11e3-a3ac-0800200c9a66</uid>
  <version_id>0c3c39a2-f5d3-43c1-bdc0-7a32a9379f1a</version_id>
  <version_modified>20200623T195838Z</version_modified>
  <xml_checksum>057E8D9D</xml_checksum>
  <class_name>ChangeBuildingLocation</class_name>
  <display_name>ChangeBuildingLocation</display_name>
  <description>Change the building location</description>
  <modeler_description>Change the building location</modeler_description>
  <arguments>
    <argument>
      <name>weather_file_name</name>
      <display_name>Weather File Name</display_name>
      <description>Name of the weather file to change to. This is the filename with the extension (e.g. NewWeather.epw). Optionally this can inclucde the full file path, but for most use cases should just be file name.</description>
      <type>String</type>
      <required>true</required>
      <model_dependent>false</model_dependent>
    </argument>
    <argument>
      <name>climate_zone</name>
      <display_name>Climate Zone.</display_name>
      <type>Choice</type>
      <required>true</required>
      <model_dependent>false</model_dependent>
      <default_value>Lookup From Stat File</default_value>
      <choices>
        <choice>
          <value>Lookup From Stat File</value>
          <display_name>Lookup From Stat File</display_name>
        </choice>
        <choice>
          <value>ASHRAE 169-2013-1A</value>
          <display_name>ASHRAE 169-2013-1A</display_name>
        </choice>
        <choice>
          <value>ASHRAE 169-2013-1B</value>
          <display_name>ASHRAE 169-2013-1B</display_name>
        </choice>
        <choice>
          <value>ASHRAE 169-2013-2A</value>
          <display_name>ASHRAE 169-2013-2A</display_name>
        </choice>
        <choice>
          <value>ASHRAE 169-2013-2B</value>
          <display_name>ASHRAE 169-2013-2B</display_name>
        </choice>
        <choice>
          <value>ASHRAE 169-2013-3A</value>
          <display_name>ASHRAE 169-2013-3A</display_name>
        </choice>
        <choice>
          <value>ASHRAE 169-2013-3B</value>
          <display_name>ASHRAE 169-2013-3B</display_name>
        </choice>
        <choice>
          <value>ASHRAE 169-2013-3C</value>
          <display_name>ASHRAE 169-2013-3C</display_name>
        </choice>
        <choice>
          <value>ASHRAE 169-2013-4A</value>
          <display_name>ASHRAE 169-2013-4A</display_name>
        </choice>
        <choice>
          <value>ASHRAE 169-2013-4B</value>
          <display_name>ASHRAE 169-2013-4B</display_name>
        </choice>
        <choice>
          <value>ASHRAE 169-2013-4C</value>
          <display_name>ASHRAE 169-2013-4C</display_name>
        </choice>
        <choice>
          <value>ASHRAE 169-2013-5A</value>
          <display_name>ASHRAE 169-2013-5A</display_name>
        </choice>
        <choice>
          <value>ASHRAE 169-2013-5B</value>
          <display_name>ASHRAE 169-2013-5B</display_name>
        </choice>
        <choice>
          <value>ASHRAE 169-2013-5C</value>
          <display_name>ASHRAE 169-2013-5C</display_name>
        </choice>
        <choice>
          <value>ASHRAE 169-2013-6A</value>
          <display_name>ASHRAE 169-2013-6A</display_name>
        </choice>
        <choice>
          <value>ASHRAE 169-2013-6B</value>
          <display_name>ASHRAE 169-2013-6B</display_name>
        </choice>
        <choice>
          <value>ASHRAE 169-2013-7A</value>
          <display_name>ASHRAE 169-2013-7A</display_name>
        </choice>
        <choice>
          <value>ASHRAE 169-2013-8A</value>
          <display_name>ASHRAE 169-2013-8A</display_name>
        </choice>
        <choice>
          <value>CEC T24-CEC1</value>
          <display_name>CEC T24-CEC1</display_name>
        </choice>
        <choice>
          <value>CEC T24-CEC2</value>
          <display_name>CEC T24-CEC2</display_name>
        </choice>
        <choice>
          <value>CEC T24-CEC3</value>
          <display_name>CEC T24-CEC3</display_name>
        </choice>
        <choice>
          <value>CEC T24-CEC4</value>
          <display_name>CEC T24-CEC4</display_name>
        </choice>
        <choice>
          <value>CEC T24-CEC5</value>
          <display_name>CEC T24-CEC5</display_name>
        </choice>
        <choice>
          <value>CEC T24-CEC6</value>
          <display_name>CEC T24-CEC6</display_name>
        </choice>
        <choice>
          <value>CEC T24-CEC7</value>
          <display_name>CEC T24-CEC7</display_name>
        </choice>
        <choice>
          <value>CEC T24-CEC8</value>
          <display_name>CEC T24-CEC8</display_name>
        </choice>
        <choice>
          <value>CEC T24-CEC9</value>
          <display_name>CEC T24-CEC9</display_name>
        </choice>
        <choice>
          <value>CEC T24-CEC10</value>
          <display_name>CEC T24-CEC10</display_name>
        </choice>
        <choice>
          <value>CEC T24-CEC11</value>
          <display_name>CEC T24-CEC11</display_name>
        </choice>
        <choice>
          <value>CEC T24-CEC12</value>
          <display_name>CEC T24-CEC12</display_name>
        </choice>
        <choice>
          <value>CEC T24-CEC13</value>
          <display_name>CEC T24-CEC13</display_name>
        </choice>
        <choice>
          <value>CEC T24-CEC14</value>
          <display_name>CEC T24-CEC14</display_name>
        </choice>
        <choice>
          <value>CEC T24-CEC15</value>
          <display_name>CEC T24-CEC15</display_name>
        </choice>
        <choice>
          <value>CEC T24-CEC16</value>
          <display_name>CEC T24-CEC16</display_name>
        </choice>
      </choices>
    </argument>
    <argument>
      <name>set_year</name>
      <display_name>Set Calendar Year</display_name>
      <description>This will impact the day of the week the simulation starts on. An input value of 0 will leave the year un-altered</description>
      <type>Integer</type>
      <required>true</required>
      <model_dependent>false</model_dependent>
      <default_value>0</default_value>
    </argument>
    <argument>
      <name>use_upstream_args</name>
      <display_name>Use Upstream Argument Values</display_name>
      <description>When true this will look for arguments or registerValues in upstream measures that match arguments from this measure, and will use the value from the upstream measure in place of what is entered for this measure.</description>
      <type>Boolean</type>
      <required>true</required>
      <model_dependent>false</model_dependent>
      <default_value>true</default_value>
      <choices>
        <choice>
          <value>true</value>
          <display_name>true</display_name>
        </choice>
        <choice>
          <value>false</value>
          <display_name>false</display_name>
        </choice>
      </choices>
    </argument>
    <argument>
      <name>epw_gsub</name>
      <display_name>Find and replace option from existing weather file name.</display_name>
      <description>This will override what is entered in weather file name or from upstream measures, unless Do Nothing is selected.</description>
      <type>Choice</type>
      <required>true</required>
      <model_dependent>false</model_dependent>
      <default_value>Do Nothing</default_value>
      <choices>
        <choice>
          <value>Do Nothing</value>
          <display_name>Do Nothing</display_name>
        </choice>
        <choice>
          <value>TMY3,AMY</value>
          <display_name>TMY3,AMY</display_name>
        </choice>
        <choice>
          <value>AMY,TMY3</value>
          <display_name>AMY,TMY3</display_name>
        </choice>
      </choices>
    </argument>
  </arguments>
  <outputs />
  <provenances />
  <tags>
    <tag>Whole Building.Space Types</tag>
  </tags>
  <attributes>
    <attribute>
      <name>Measure Type</name>
      <value>ModelMeasure</value>
      <datatype>string</datatype>
    </attribute>
    <attribute>
      <name>Uses SketchUp API</name>
      <value>false</value>
      <datatype>boolean</datatype>
    </attribute>
  </attributes>
  <files>
    <file>
      <filename>another_weather_file.ddy</filename>
      <filetype>ddy</filetype>
      <usage_type>test</usage_type>
      <checksum>D6178C51</checksum>
    </file>
    <file>
      <filename>another_weather_file.epw</filename>
      <filetype>epw</filetype>
      <usage_type>test</usage_type>
      <checksum>D3B7E25B</checksum>
    </file>
    <file>
      <filename>another_weather_file.stat</filename>
      <filetype>stat</filetype>
      <usage_type>test</usage_type>
      <checksum>E8C83421</checksum>
    </file>
    <file>
      <filename>model_test.osm</filename>
      <filetype>osm</filetype>
      <usage_type>test</usage_type>
      <checksum>0B8479BC</checksum>
    </file>
    <file>
      <filename>USA_MA_Boston-Logan.Intl.AP.725090_TMY3.ddy</filename>
      <filetype>ddy</filetype>
      <usage_type>test</usage_type>
      <checksum>E4CBEAF0</checksum>
    </file>
    <file>
      <filename>USA_MA_Boston-Logan.Intl.AP.725090_TMY3.epw</filename>
      <filetype>epw</filetype>
      <usage_type>test</usage_type>
      <checksum>B65824C3</checksum>
    </file>
    <file>
      <filename>USA_MA_Boston-Logan.Intl.AP.725090_TMY3.stat</filename>
      <filetype>stat</filetype>
      <usage_type>test</usage_type>
      <checksum>8657DDB9</checksum>
    </file>
    <file>
      <filename>multiyear.ddy</filename>
      <filetype>ddy</filetype>
      <usage_type>test</usage_type>
      <checksum>D6178C51</checksum>
    </file>
    <file>
      <filename>multiyear.epw</filename>
      <filetype>epw</filetype>
      <usage_type>test</usage_type>
      <checksum>F0A18702</checksum>
    </file>
    <file>
      <filename>multiyear.stat</filename>
      <filetype>stat</filetype>
      <usage_type>test</usage_type>
      <checksum>E715E1B9</checksum>
    </file>
    <file>
      <filename>USA_WA_Renton.Muni.AP.727934_TMY3.ddy</filename>
      <filetype>ddy</filetype>
      <usage_type>test</usage_type>
      <checksum>D2D8CDAB</checksum>
    </file>
    <file>
      <filename>USA_WA_Renton.Muni.AP.727934_TMY3.epw</filename>
      <filetype>epw</filetype>
      <usage_type>test</usage_type>
      <checksum>F6F36230</checksum>
    </file>
    <file>
      <filename>USA_WA_Renton.Muni.AP.727934_TMY3.stat</filename>
      <filetype>stat</filetype>
      <usage_type>test</usage_type>
      <checksum>7C51425E</checksum>
    </file>
    <file>
      <filename>model_test.osw</filename>
      <filetype>osw</filetype>
      <usage_type>test</usage_type>
      <checksum>F5FABCCF</checksum>
    </file>
    <file>
      <filename>README.md.erb</filename>
      <filetype>erb</filetype>
      <usage_type>readmeerb</usage_type>
      <checksum>232D0477</checksum>
    </file>
    <file>
      <filename>CA_LOS-ANGELES-IAP_722950S_12.ddy</filename>
      <filetype>ddy</filetype>
      <usage_type>test</usage_type>
      <checksum>6664A3D4</checksum>
    </file>
    <file>
      <filename>CA_LOS-ANGELES-IAP_722950S_12.epw</filename>
      <filetype>epw</filetype>
      <usage_type>test</usage_type>
      <checksum>E8072B82</checksum>
    </file>
    <file>
      <filename>CA_LOS-ANGELES-IAP_722950S_12.stat</filename>
      <filetype>stat</filetype>
      <usage_type>test</usage_type>
      <checksum>12BCA842</checksum>
    </file>
    <file>
      <filename>USA_MA_Boston-Logan.Intl.AP.725090_AMY.ddy</filename>
      <filetype>ddy</filetype>
      <usage_type>test</usage_type>
      <checksum>E4CBEAF0</checksum>
    </file>
    <file>
      <filename>USA_MA_Boston-Logan.Intl.AP.725090_AMY.epw</filename>
      <filetype>epw</filetype>
      <usage_type>test</usage_type>
      <checksum>B65824C3</checksum>
    </file>
    <file>
      <filename>USA_MA_Boston-Logan.Intl.AP.725090_AMY.stat</filename>
      <filetype>stat</filetype>
      <usage_type>test</usage_type>
      <checksum>8657DDB9</checksum>
    </file>
    <file>
      <filename>model_test_with_epw.osm</filename>
      <filetype>osm</filetype>
      <usage_type>test</usage_type>
      <checksum>D1551F9A</checksum>
    </file>
    <file>
      <filename>LICENSE.md</filename>
      <filetype>md</filetype>
      <usage_type>license</usage_type>
      <checksum>E0468DD6</checksum>
    </file>
    <file>
      <filename>README.md</filename>
      <filetype>md</filetype>
      <usage_type>readme</usage_type>
      <checksum>D6556B8E</checksum>
    </file>
    <file>
      <filename>stat_file.rb</filename>
      <filetype>rb</filetype>
      <usage_type>resource</usage_type>
      <checksum>79F5AADA</checksum>
    </file>
    <file>
      <filename>epw.rb</filename>
      <filetype>rb</filetype>
      <usage_type>resource</usage_type>
      <checksum>CA6053B6</checksum>
    </file>
    <file>
      <version>
        <software_program>OpenStudio</software_program>
        <identifier>2.0.0</identifier>
        <min_compatible>3.0.0</min_compatible>
      </version>
      <filename>measure.rb</filename>
      <filetype>rb</filetype>
      <usage_type>script</usage_type>
      <checksum>FA76F2D6</checksum>
    </file>
    <file>
      <filename>change_building_location_test.rb</filename>
      <filetype>rb</filetype>
      <usage_type>test</usage_type>
      <checksum>E1623A7E</checksum>
    </file>
  </files>
</measure>
