<?xml version="1.0"?>
<measure>
  <schema_version>3.0</schema_version>
  <name>create_typical_building_from_model</name>
  <uid>339a2e3a-273c-4494-bb50-bfe586a0647c</uid>
  <version_id>8024aeb3-803e-4ad5-b862-8b50aa8dc155</version_id>
  <version_modified>20200624T003816Z</version_modified>
  <xml_checksum>EE13F09F</xml_checksum>
  <class_name>CreateTypicalBuildingFromModel</class_name>
  <display_name>Create Typical Building from Model</display_name>
  <description>Takes a model with space and stub space types, and assigns constructions, schedules, internal loads, hvac, and other loads such as exterior lights and service water heating.</description>
  <modeler_description>It is important that the template argument chosen for this measure is in line with the buding types for the stub space types of the model passed in.</modeler_description>
  <arguments>
    <argument>
      <name>template</name>
      <display_name>Target Standard</display_name>
      <type>Choice</type>
      <required>true</required>
      <model_dependent>false</model_dependent>
      <default_value>90.1-2010</default_value>
      <choices>
        <choice>
          <value>DOE Ref Pre-1980</value>
          <display_name>DOE Ref Pre-1980</display_name>
        </choice>
        <choice>
          <value>DOE Ref 1980-2004</value>
          <display_name>DOE Ref 1980-2004</display_name>
        </choice>
        <choice>
          <value>90.1-2004</value>
          <display_name>90.1-2004</display_name>
        </choice>
        <choice>
          <value>90.1-2007</value>
          <display_name>90.1-2007</display_name>
        </choice>
        <choice>
          <value>90.1-2010</value>
          <display_name>90.1-2010</display_name>
        </choice>
        <choice>
          <value>90.1-2013</value>
          <display_name>90.1-2013</display_name>
        </choice>
        <choice>
          <value>DEER Pre-1975</value>
          <display_name>DEER Pre-1975</display_name>
        </choice>
        <choice>
          <value>DEER 1985</value>
          <display_name>DEER 1985</display_name>
        </choice>
        <choice>
          <value>DEER 1996</value>
          <display_name>DEER 1996</display_name>
        </choice>
        <choice>
          <value>DEER 2003</value>
          <display_name>DEER 2003</display_name>
        </choice>
        <choice>
          <value>DEER 2007</value>
          <display_name>DEER 2007</display_name>
        </choice>
        <choice>
          <value>DEER 2011</value>
          <display_name>DEER 2011</display_name>
        </choice>
        <choice>
          <value>DEER 2014</value>
          <display_name>DEER 2014</display_name>
        </choice>
        <choice>
          <value>DEER 2015</value>
          <display_name>DEER 2015</display_name>
        </choice>
        <choice>
          <value>DEER 2017</value>
          <display_name>DEER 2017</display_name>
        </choice>
        <choice>
          <value>DEER 2020</value>
          <display_name>DEER 2020</display_name>
        </choice>
      </choices>
    </argument>
    <argument>
      <name>system_type</name>
      <display_name>HVAC System Type</display_name>
      <type>Choice</type>
      <required>true</required>
      <model_dependent>false</model_dependent>
      <default_value>Inferred</default_value>
      <choices>
        <choice>
          <value>Inferred</value>
          <display_name>Inferred</display_name>
        </choice>
        <choice>
          <value>Ideal Air Loads</value>
          <display_name>Ideal Air Loads</display_name>
        </choice>
        <choice>
          <value>Baseboard electric</value>
          <display_name>Baseboard electric</display_name>
        </choice>
        <choice>
          <value>Baseboard gas boiler</value>
          <display_name>Baseboard gas boiler</display_name>
        </choice>
        <choice>
          <value>Baseboard central air source heat pump</value>
          <display_name>Baseboard central air source heat pump</display_name>
        </choice>
        <choice>
          <value>Baseboard district hot water</value>
          <display_name>Baseboard district hot water</display_name>
        </choice>
        <choice>
          <value>Direct evap coolers with baseboard electric</value>
          <display_name>Direct evap coolers with baseboard electric</display_name>
        </choice>
        <choice>
          <value>Direct evap coolers with baseboard gas boiler</value>
          <display_name>Direct evap coolers with baseboard gas boiler</display_name>
        </choice>
        <choice>
          <value>Direct evap coolers with baseboard central air source heat pump</value>
          <display_name>Direct evap coolers with baseboard central air source heat pump</display_name>
        </choice>
        <choice>
          <value>Direct evap coolers with baseboard district hot water</value>
          <display_name>Direct evap coolers with baseboard district hot water</display_name>
        </choice>
        <choice>
          <value>Direct evap coolers with forced air furnace</value>
          <display_name>Direct evap coolers with forced air furnace</display_name>
        </choice>
        <choice>
          <value>Direct evap coolers with gas unit heaters</value>
          <display_name>Direct evap coolers with gas unit heaters</display_name>
        </choice>
        <choice>
          <value>Direct evap coolers with no heat</value>
          <display_name>Direct evap coolers with no heat</display_name>
        </choice>
        <choice>
          <value>DOAS with fan coil chiller with boiler</value>
          <display_name>DOAS with fan coil chiller with boiler</display_name>
        </choice>
        <choice>
          <value>DOAS with fan coil chiller with central air source heat pump</value>
          <display_name>DOAS with fan coil chiller with central air source heat pump</display_name>
        </choice>
        <choice>
          <value>DOAS with fan coil chiller with district hot water</value>
          <display_name>DOAS with fan coil chiller with district hot water</display_name>
        </choice>
        <choice>
          <value>DOAS with fan coil chiller with baseboard electric</value>
          <display_name>DOAS with fan coil chiller with baseboard electric</display_name>
        </choice>
        <choice>
          <value>DOAS with fan coil chiller with gas unit heaters</value>
          <display_name>DOAS with fan coil chiller with gas unit heaters</display_name>
        </choice>
        <choice>
          <value>DOAS with fan coil chiller with no heat</value>
          <display_name>DOAS with fan coil chiller with no heat</display_name>
        </choice>
        <choice>
          <value>DOAS with fan coil air-cooled chiller with boiler</value>
          <display_name>DOAS with fan coil air-cooled chiller with boiler</display_name>
        </choice>
        <choice>
          <value>DOAS with fan coil air-cooled chiller with central air source heat pump</value>
          <display_name>DOAS with fan coil air-cooled chiller with central air source heat pump</display_name>
        </choice>
        <choice>
          <value>DOAS with fan coil air-cooled chiller with district hot water</value>
          <display_name>DOAS with fan coil air-cooled chiller with district hot water</display_name>
        </choice>
        <choice>
          <value>DOAS with fan coil air-cooled chiller with baseboard electric</value>
          <display_name>DOAS with fan coil air-cooled chiller with baseboard electric</display_name>
        </choice>
        <choice>
          <value>DOAS with fan coil air-cooled chiller with gas unit heaters</value>
          <display_name>DOAS with fan coil air-cooled chiller with gas unit heaters</display_name>
        </choice>
        <choice>
          <value>DOAS with fan coil air-cooled chiller with no heat</value>
          <display_name>DOAS with fan coil air-cooled chiller with no heat</display_name>
        </choice>
        <choice>
          <value>DOAS with fan coil district chilled water with boiler</value>
          <display_name>DOAS with fan coil district chilled water with boiler</display_name>
        </choice>
        <choice>
          <value>DOAS with fan coil district chilled water with central air source heat pump</value>
          <display_name>DOAS with fan coil district chilled water with central air source heat pump</display_name>
        </choice>
        <choice>
          <value>DOAS with fan coil district chilled water with district hot water</value>
          <display_name>DOAS with fan coil district chilled water with district hot water</display_name>
        </choice>
        <choice>
          <value>DOAS with fan coil district chilled water with baseboard electric</value>
          <display_name>DOAS with fan coil district chilled water with baseboard electric</display_name>
        </choice>
        <choice>
          <value>DOAS with fan coil district chilled water with gas unit heaters</value>
          <display_name>DOAS with fan coil district chilled water with gas unit heaters</display_name>
        </choice>
        <choice>
          <value>DOAS with fan coil district chilled water with no heat</value>
          <display_name>DOAS with fan coil district chilled water with no heat</display_name>
        </choice>
        <choice>
          <value>DOAS with VRF</value>
          <display_name>DOAS with VRF</display_name>
        </choice>
        <choice>
          <value>DOAS with water source heat pumps fluid cooler with boiler</value>
          <display_name>DOAS with water source heat pumps fluid cooler with boiler</display_name>
        </choice>
        <choice>
          <value>DOAS with water source heat pumps cooling tower with boiler</value>
          <display_name>DOAS with water source heat pumps cooling tower with boiler</display_name>
        </choice>
        <choice>
          <value>DOAS with water source heat pumps with ground source heat pump</value>
          <display_name>DOAS with water source heat pumps with ground source heat pump</display_name>
        </choice>
        <choice>
          <value>DOAS with water source heat pumps district chilled water with district hot water</value>
          <display_name>DOAS with water source heat pumps district chilled water with district hot water</display_name>
        </choice>
        <choice>
          <value>Fan coil chiller with boiler</value>
          <display_name>Fan coil chiller with boiler</display_name>
        </choice>
        <choice>
          <value>Fan coil chiller with central air source heat pump</value>
          <display_name>Fan coil chiller with central air source heat pump</display_name>
        </choice>
        <choice>
          <value>Fan coil chiller with district hot water</value>
          <display_name>Fan coil chiller with district hot water</display_name>
        </choice>
        <choice>
          <value>Fan coil chiller with baseboard electric</value>
          <display_name>Fan coil chiller with baseboard electric</display_name>
        </choice>
        <choice>
          <value>Fan coil chiller with gas unit heaters</value>
          <display_name>Fan coil chiller with gas unit heaters</display_name>
        </choice>
        <choice>
          <value>Fan coil chiller with no heat</value>
          <display_name>Fan coil chiller with no heat</display_name>
        </choice>
        <choice>
          <value>Fan coil air-cooled chiller with boiler</value>
          <display_name>Fan coil air-cooled chiller with boiler</display_name>
        </choice>
        <choice>
          <value>Fan coil air-cooled chiller with central air source heat pump</value>
          <display_name>Fan coil air-cooled chiller with central air source heat pump</display_name>
        </choice>
        <choice>
          <value>Fan coil air-cooled chiller with district hot water</value>
          <display_name>Fan coil air-cooled chiller with district hot water</display_name>
        </choice>
        <choice>
          <value>Fan coil air-cooled chiller with baseboard electric</value>
          <display_name>Fan coil air-cooled chiller with baseboard electric</display_name>
        </choice>
        <choice>
          <value>Fan coil air-cooled chiller with gas unit heaters</value>
          <display_name>Fan coil air-cooled chiller with gas unit heaters</display_name>
        </choice>
        <choice>
          <value>Fan coil air-cooled chiller with no heat</value>
          <display_name>Fan coil air-cooled chiller with no heat</display_name>
        </choice>
        <choice>
          <value>Fan coil district chilled water with boiler</value>
          <display_name>Fan coil district chilled water with boiler</display_name>
        </choice>
        <choice>
          <value>Fan coil district chilled water with central air source heat pump</value>
          <display_name>Fan coil district chilled water with central air source heat pump</display_name>
        </choice>
        <choice>
          <value>Fan coil district chilled water with district hot water</value>
          <display_name>Fan coil district chilled water with district hot water</display_name>
        </choice>
        <choice>
          <value>Fan coil district chilled water with baseboard electric</value>
          <display_name>Fan coil district chilled water with baseboard electric</display_name>
        </choice>
        <choice>
          <value>Fan coil district chilled water with gas unit heaters</value>
          <display_name>Fan coil district chilled water with gas unit heaters</display_name>
        </choice>
        <choice>
          <value>Fan coil district chilled water with no heat</value>
          <display_name>Fan coil district chilled water with no heat</display_name>
        </choice>
        <choice>
          <value>Forced air furnace</value>
          <display_name>Forced air furnace</display_name>
        </choice>
        <choice>
          <value>Gas unit heaters</value>
          <display_name>Gas unit heaters</display_name>
        </choice>
        <choice>
          <value>PTAC with baseboard electric</value>
          <display_name>PTAC with baseboard electric</display_name>
        </choice>
        <choice>
          <value>PTAC with baseboard gas boiler</value>
          <display_name>PTAC with baseboard gas boiler</display_name>
        </choice>
        <choice>
          <value>PTAC with baseboard district hot water</value>
          <display_name>PTAC with baseboard district hot water</display_name>
        </choice>
        <choice>
          <value>PTAC with gas unit heaters</value>
          <display_name>PTAC with gas unit heaters</display_name>
        </choice>
        <choice>
          <value>PTAC with electric coil</value>
          <display_name>PTAC with electric coil</display_name>
        </choice>
        <choice>
          <value>PTAC with gas coil</value>
          <display_name>PTAC with gas coil</display_name>
        </choice>
        <choice>
          <value>PTAC with gas boiler</value>
          <display_name>PTAC with gas boiler</display_name>
        </choice>
        <choice>
          <value>PTAC with central air source heat pump</value>
          <display_name>PTAC with central air source heat pump</display_name>
        </choice>
        <choice>
          <value>PTAC with district hot water</value>
          <display_name>PTAC with district hot water</display_name>
        </choice>
        <choice>
          <value>PTAC with no heat</value>
          <display_name>PTAC with no heat</display_name>
        </choice>
        <choice>
          <value>PTHP</value>
          <display_name>PTHP</display_name>
        </choice>
        <choice>
          <value>PSZ-AC with baseboard electric</value>
          <display_name>PSZ-AC with baseboard electric</display_name>
        </choice>
        <choice>
          <value>PSZ-AC with baseboard gas boiler</value>
          <display_name>PSZ-AC with baseboard gas boiler</display_name>
        </choice>
        <choice>
          <value>PSZ-AC with baseboard district hot water</value>
          <display_name>PSZ-AC with baseboard district hot water</display_name>
        </choice>
        <choice>
          <value>PSZ-AC with gas unit heaters</value>
          <display_name>PSZ-AC with gas unit heaters</display_name>
        </choice>
        <choice>
          <value>PSZ-AC with electric coil</value>
          <display_name>PSZ-AC with electric coil</display_name>
        </choice>
        <choice>
          <value>PSZ-AC with gas coil</value>
          <display_name>PSZ-AC with gas coil</display_name>
        </choice>
        <choice>
          <value>PSZ-AC with gas boiler</value>
          <display_name>PSZ-AC with gas boiler</display_name>
        </choice>
        <choice>
          <value>PSZ-AC with central air source heat pump</value>
          <display_name>PSZ-AC with central air source heat pump</display_name>
        </choice>
        <choice>
          <value>PSZ-AC with district hot water</value>
          <display_name>PSZ-AC with district hot water</display_name>
        </choice>
        <choice>
          <value>PSZ-AC with no heat</value>
          <display_name>PSZ-AC with no heat</display_name>
        </choice>
        <choice>
          <value>PSZ-AC district chilled water with baseboard electric</value>
          <display_name>PSZ-AC district chilled water with baseboard electric</display_name>
        </choice>
        <choice>
          <value>PSZ-AC district chilled water with baseboard gas boiler</value>
          <display_name>PSZ-AC district chilled water with baseboard gas boiler</display_name>
        </choice>
        <choice>
          <value>PSZ-AC district chilled water with baseboard district hot water</value>
          <display_name>PSZ-AC district chilled water with baseboard district hot water</display_name>
        </choice>
        <choice>
          <value>PSZ-AC district chilled water with gas unit heaters</value>
          <display_name>PSZ-AC district chilled water with gas unit heaters</display_name>
        </choice>
        <choice>
          <value>PSZ-AC district chilled water with electric coil</value>
          <display_name>PSZ-AC district chilled water with electric coil</display_name>
        </choice>
        <choice>
          <value>PSZ-AC district chilled water with gas coil</value>
          <display_name>PSZ-AC district chilled water with gas coil</display_name>
        </choice>
        <choice>
          <value>PSZ-AC district chilled water with gas boiler</value>
          <display_name>PSZ-AC district chilled water with gas boiler</display_name>
        </choice>
        <choice>
          <value>PSZ-AC district chilled water with central air source heat pump</value>
          <display_name>PSZ-AC district chilled water with central air source heat pump</display_name>
        </choice>
        <choice>
          <value>PSZ-AC district chilled water with district hot water</value>
          <display_name>PSZ-AC district chilled water with district hot water</display_name>
        </choice>
        <choice>
          <value>PSZ-AC district chilled water with no heat</value>
          <display_name>PSZ-AC district chilled water with no heat</display_name>
        </choice>
        <choice>
          <value>PSZ-HP</value>
          <display_name>PSZ-HP</display_name>
        </choice>
        <choice>
          <value>PVAV with gas boiler reheat</value>
          <display_name>PVAV with gas boiler reheat</display_name>
        </choice>
        <choice>
          <value>PVAV with central air source heat pump reheat</value>
          <display_name>PVAV with central air source heat pump reheat</display_name>
        </choice>
        <choice>
          <value>PVAV with district hot water reheat</value>
          <display_name>PVAV with district hot water reheat</display_name>
        </choice>
        <choice>
          <value>PVAV with PFP boxes</value>
          <display_name>PVAV with PFP boxes</display_name>
        </choice>
        <choice>
          <value>PVAV with gas heat with electric reheat</value>
          <display_name>PVAV with gas heat with electric reheat</display_name>
        </choice>
        <choice>
          <value>Residential AC with baseboard electric</value>
          <display_name>Residential AC with baseboard electric</display_name>
        </choice>
        <choice>
          <value>Residential AC with baseboard gas boiler</value>
          <display_name>Residential AC with baseboard gas boiler</display_name>
        </choice>
        <choice>
          <value>Residential AC with baseboard central air source heat pump</value>
          <display_name>Residential AC with baseboard central air source heat pump</display_name>
        </choice>
        <choice>
          <value>Residential AC with baseboard district hot water</value>
          <display_name>Residential AC with baseboard district hot water</display_name>
        </choice>
        <choice>
          <value>Residential AC with residential forced air furnace</value>
          <display_name>Residential AC with residential forced air furnace</display_name>
        </choice>
        <choice>
          <value>Residential AC with no heat</value>
          <display_name>Residential AC with no heat</display_name>
        </choice>
        <choice>
          <value>Residential heat pump</value>
          <display_name>Residential heat pump</display_name>
        </choice>
        <choice>
          <value>Residential heat pump with no cooling</value>
          <display_name>Residential heat pump with no cooling</display_name>
        </choice>
        <choice>
          <value>Residential forced air furnace</value>
          <display_name>Residential forced air furnace</display_name>
        </choice>
        <choice>
          <value>VAV chiller with gas boiler reheat</value>
          <display_name>VAV chiller with gas boiler reheat</display_name>
        </choice>
        <choice>
          <value>VAV chiller with central air source heat pump reheat</value>
          <display_name>VAV chiller with central air source heat pump reheat</display_name>
        </choice>
        <choice>
          <value>VAV chiller with district hot water reheat</value>
          <display_name>VAV chiller with district hot water reheat</display_name>
        </choice>
        <choice>
          <value>VAV chiller with PFP boxes</value>
          <display_name>VAV chiller with PFP boxes</display_name>
        </choice>
        <choice>
          <value>VAV chiller with gas coil reheat</value>
          <display_name>VAV chiller with gas coil reheat</display_name>
        </choice>
        <choice>
          <value>VAV chiller with no reheat with baseboard electric</value>
          <display_name>VAV chiller with no reheat with baseboard electric</display_name>
        </choice>
        <choice>
          <value>VAV chiller with no reheat with gas unit heaters</value>
          <display_name>VAV chiller with no reheat with gas unit heaters</display_name>
        </choice>
        <choice>
          <value>VAV chiller with no reheat with zone heat pump</value>
          <display_name>VAV chiller with no reheat with zone heat pump</display_name>
        </choice>
        <choice>
          <value>VAV air-cooled chiller with gas boiler reheat</value>
          <display_name>VAV air-cooled chiller with gas boiler reheat</display_name>
        </choice>
        <choice>
          <value>VAV air-cooled chiller with central air source heat pump reheat</value>
          <display_name>VAV air-cooled chiller with central air source heat pump reheat</display_name>
        </choice>
        <choice>
          <value>VAV air-cooled chiller with district hot water reheat</value>
          <display_name>VAV air-cooled chiller with district hot water reheat</display_name>
        </choice>
        <choice>
          <value>VAV air-cooled chiller with PFP boxes</value>
          <display_name>VAV air-cooled chiller with PFP boxes</display_name>
        </choice>
        <choice>
          <value>VAV air-cooled chiller with gas coil reheat</value>
          <display_name>VAV air-cooled chiller with gas coil reheat</display_name>
        </choice>
        <choice>
          <value>VAV air-cooled chiller with no reheat with baseboard electric</value>
          <display_name>VAV air-cooled chiller with no reheat with baseboard electric</display_name>
        </choice>
        <choice>
          <value>VAV air-cooled chiller with no reheat with gas unit heaters</value>
          <display_name>VAV air-cooled chiller with no reheat with gas unit heaters</display_name>
        </choice>
        <choice>
          <value>VAV air-cooled chiller with no reheat with zone heat pump</value>
          <display_name>VAV air-cooled chiller with no reheat with zone heat pump</display_name>
        </choice>
        <choice>
          <value>VAV district chilled water with gas boiler reheat</value>
          <display_name>VAV district chilled water with gas boiler reheat</display_name>
        </choice>
        <choice>
          <value>VAV district chilled water with central air source heat pump reheat</value>
          <display_name>VAV district chilled water with central air source heat pump reheat</display_name>
        </choice>
        <choice>
          <value>VAV district chilled water with district hot water reheat</value>
          <display_name>VAV district chilled water with district hot water reheat</display_name>
        </choice>
        <choice>
          <value>VAV district chilled water with PFP boxes</value>
          <display_name>VAV district chilled water with PFP boxes</display_name>
        </choice>
        <choice>
          <value>VAV district chilled water with gas coil reheat</value>
          <display_name>VAV district chilled water with gas coil reheat</display_name>
        </choice>
        <choice>
          <value>VAV district chilled water with no reheat with baseboard electric</value>
          <display_name>VAV district chilled water with no reheat with baseboard electric</display_name>
        </choice>
        <choice>
          <value>VAV district chilled water with no reheat with gas unit heaters</value>
          <display_name>VAV district chilled water with no reheat with gas unit heaters</display_name>
        </choice>
        <choice>
          <value>VAV district chilled water with no reheat with zone heat pump</value>
          <display_name>VAV district chilled water with no reheat with zone heat pump</display_name>
        </choice>
        <choice>
          <value>VRF</value>
          <display_name>VRF</display_name>
        </choice>
        <choice>
          <value>Water source heat pumps fluid cooler with boiler</value>
          <display_name>Water source heat pumps fluid cooler with boiler</display_name>
        </choice>
        <choice>
          <value>Water source heat pumps cooling tower with boiler</value>
          <display_name>Water source heat pumps cooling tower with boiler</display_name>
        </choice>
        <choice>
          <value>Water source heat pumps with ground source heat pump</value>
          <display_name>Water source heat pumps with ground source heat pump</display_name>
        </choice>
        <choice>
          <value>Water source heat pumps district chilled water with district hot water</value>
          <display_name>Water source heat pumps district chilled water with district hot water</display_name>
        </choice>
        <choice>
          <value>Window AC with baseboard electric</value>
          <display_name>Window AC with baseboard electric</display_name>
        </choice>
        <choice>
          <value>Window AC with baseboard gas boiler</value>
          <display_name>Window AC with baseboard gas boiler</display_name>
        </choice>
        <choice>
          <value>Window AC with baseboard central air source heat pump</value>
          <display_name>Window AC with baseboard central air source heat pump</display_name>
        </choice>
        <choice>
          <value>Window AC with baseboard district hot water</value>
          <display_name>Window AC with baseboard district hot water</display_name>
        </choice>
        <choice>
          <value>Window AC with forced air furnace</value>
          <display_name>Window AC with forced air furnace</display_name>
        </choice>
        <choice>
          <value>Window AC with unit heaters</value>
          <display_name>Window AC with unit heaters</display_name>
        </choice>
        <choice>
          <value>Window AC with no heat</value>
          <display_name>Window AC with no heat</display_name>
        </choice>
      </choices>
    </argument>
    <argument>
      <name>hvac_delivery_type</name>
      <display_name>HVAC System Delivery Type</display_name>
      <description>How the HVAC system delivers heating or cooling to the zone.</description>
      <type>Choice</type>
      <required>true</required>
      <model_dependent>false</model_dependent>
      <default_value>Forced Air</default_value>
      <choices>
        <choice>
          <value>Forced Air</value>
          <display_name>Forced Air</display_name>
        </choice>
        <choice>
          <value>Hydronic</value>
          <display_name>Hydronic</display_name>
        </choice>
      </choices>
    </argument>
    <argument>
      <name>htg_src</name>
      <display_name>HVAC Heating Source</display_name>
      <description>The primary source of heating used by HVAC systems in the model.</description>
      <type>Choice</type>
      <required>true</required>
      <model_dependent>false</model_dependent>
      <default_value>NaturalGas</default_value>
      <choices>
        <choice>
          <value>Electricity</value>
          <display_name>Electricity</display_name>
        </choice>
        <choice>
          <value>NaturalGas</value>
          <display_name>NaturalGas</display_name>
        </choice>
        <choice>
          <value>DistrictHeating</value>
          <display_name>DistrictHeating</display_name>
        </choice>
        <choice>
          <value>DistrictAmbient</value>
          <display_name>DistrictAmbient</display_name>
        </choice>
      </choices>
    </argument>
    <argument>
      <name>clg_src</name>
      <display_name>HVAC Cooling Source</display_name>
      <description>The primary source of cooling used by HVAC systems in the model.</description>
      <type>Choice</type>
      <required>true</required>
      <model_dependent>false</model_dependent>
      <default_value>Electricity</default_value>
      <choices>
        <choice>
          <value>Electricity</value>
          <display_name>Electricity</display_name>
        </choice>
        <choice>
          <value>DistrictCooling</value>
          <display_name>DistrictCooling</display_name>
        </choice>
        <choice>
          <value>DistrictAmbient</value>
          <display_name>DistrictAmbient</display_name>
        </choice>
      </choices>
    </argument>
    <argument>
      <name>swh_src</name>
      <display_name>Service Water Heating Source</display_name>
      <description>The primary source of heating used by SWH systems in the model.</description>
      <type>Choice</type>
      <required>true</required>
      <model_dependent>false</model_dependent>
      <default_value>Inferred</default_value>
      <choices>
        <choice>
          <value>Inferred</value>
          <display_name>Inferred</display_name>
        </choice>
        <choice>
          <value>NaturalGas</value>
          <display_name>NaturalGas</display_name>
        </choice>
        <choice>
          <value>Electricity</value>
          <display_name>Electricity</display_name>
        </choice>
        <choice>
          <value>HeatPump</value>
          <display_name>HeatPump</display_name>
        </choice>
      </choices>
    </argument>
    <argument>
      <name>kitchen_makeup</name>
      <display_name>Kitchen Exhaust MakeUp Air Calculation Method</display_name>
      <description>Determine logic to identify dining or cafe zones to provide makeup air to kitchen exhaust.</description>
      <type>Choice</type>
      <required>true</required>
      <model_dependent>false</model_dependent>
      <default_value>Adjacent</default_value>
      <choices>
        <choice>
          <value>None</value>
          <display_name>None</display_name>
        </choice>
        <choice>
          <value>Largest Zone</value>
          <display_name>Largest Zone</display_name>
        </choice>
        <choice>
          <value>Adjacent</value>
          <display_name>Adjacent</display_name>
        </choice>
      </choices>
    </argument>
    <argument>
      <name>exterior_lighting_zone</name>
      <display_name>Exterior Lighting Zone</display_name>
      <description>Identify the Exterior Lighting Zone for the Building Site.</description>
      <type>Choice</type>
      <required>true</required>
      <model_dependent>false</model_dependent>
      <default_value>3 - All Other Areas</default_value>
      <choices>
        <choice>
          <value>0 - Undeveloped Areas Parks</value>
          <display_name>0 - Undeveloped Areas Parks</display_name>
        </choice>
        <choice>
          <value>1 - Developed Areas Parks</value>
          <display_name>1 - Developed Areas Parks</display_name>
        </choice>
        <choice>
          <value>2 - Neighborhood</value>
          <display_name>2 - Neighborhood</display_name>
        </choice>
        <choice>
          <value>3 - All Other Areas</value>
          <display_name>3 - All Other Areas</display_name>
        </choice>
        <choice>
          <value>4 - High Activity</value>
          <display_name>4 - High Activity</display_name>
        </choice>
      </choices>
    </argument>
    <argument>
      <name>add_constructions</name>
      <display_name>Add Constructions to Model</display_name>
      <description>Construction Set will be applied to entire building</description>
      <type>Boolean</type>
      <required>true</required>
      <model_dependent>false</model_dependent>
      <default_value>true</default_value>
      <choices>
        <choice>
          <value>true</value>
          <display_name>true</display_name>
        </choice>
        <choice>
          <value>false</value>
          <display_name>false</display_name>
        </choice>
      </choices>
    </argument>
    <argument>
      <name>add_space_type_loads</name>
      <display_name>Add Space Type Loads to Model</display_name>
      <description>Populate existing space types in model with internal loads.</description>
      <type>Boolean</type>
      <required>true</required>
      <model_dependent>false</model_dependent>
      <default_value>true</default_value>
      <choices>
        <choice>
          <value>true</value>
          <display_name>true</display_name>
        </choice>
        <choice>
          <value>false</value>
          <display_name>false</display_name>
        </choice>
      </choices>
    </argument>
    <argument>
      <name>add_elevators</name>
      <display_name>Add Elevators to Model</display_name>
      <description>Elevators will be add directly to space in model vs. being applied to a space type.</description>
      <type>Boolean</type>
      <required>true</required>
      <model_dependent>false</model_dependent>
      <default_value>true</default_value>
      <choices>
        <choice>
          <value>true</value>
          <display_name>true</display_name>
        </choice>
        <choice>
          <value>false</value>
          <display_name>false</display_name>
        </choice>
      </choices>
    </argument>
    <argument>
      <name>add_internal_mass</name>
      <display_name>Add Internal Mass to Model</display_name>
      <description>Adds internal mass to each space.</description>
      <type>Boolean</type>
      <required>true</required>
      <model_dependent>false</model_dependent>
      <default_value>true</default_value>
      <choices>
        <choice>
          <value>true</value>
          <display_name>true</display_name>
        </choice>
        <choice>
          <value>false</value>
          <display_name>false</display_name>
        </choice>
      </choices>
    </argument>
    <argument>
      <name>add_exterior_lights</name>
      <display_name>Add Exterior Lights to Model</display_name>
      <description>Multiple exterior lights objects will be added for different classes of lighting such as parking and facade.</description>
      <type>Boolean</type>
      <required>true</required>
      <model_dependent>false</model_dependent>
      <default_value>true</default_value>
      <choices>
        <choice>
          <value>true</value>
          <display_name>true</display_name>
        </choice>
        <choice>
          <value>false</value>
          <display_name>false</display_name>
        </choice>
      </choices>
    </argument>
    <argument>
      <name>onsite_parking_fraction</name>
      <display_name>Onsite Parking Fraction</display_name>
      <description>If set to 0 no exterior lighting for parking will be added</description>
      <type>Double</type>
      <required>true</required>
      <model_dependent>false</model_dependent>
      <default_value>1</default_value>
    </argument>
    <argument>
      <name>add_exhaust</name>
      <display_name>Add Exhaust Fans to Model</display_name>
      <description>Depending upon building type exhaust fans can be in kitchens, restrooms or other space types</description>
      <type>Boolean</type>
      <required>true</required>
      <model_dependent>false</model_dependent>
      <default_value>true</default_value>
      <choices>
        <choice>
          <value>true</value>
          <display_name>true</display_name>
        </choice>
        <choice>
          <value>false</value>
          <display_name>false</display_name>
        </choice>
      </choices>
    </argument>
    <argument>
      <name>add_swh</name>
      <display_name>Add Service Water Heating to Model</display_name>
      <description>This will add both the supply and demand side of service water heating.</description>
      <type>Boolean</type>
      <required>true</required>
      <model_dependent>false</model_dependent>
      <default_value>true</default_value>
      <choices>
        <choice>
          <value>true</value>
          <display_name>true</display_name>
        </choice>
        <choice>
          <value>false</value>
          <display_name>false</display_name>
        </choice>
      </choices>
    </argument>
    <argument>
      <name>add_thermostat</name>
      <display_name>Add Thermostats</display_name>
      <description>Add Thermostat to model based on Space Type Standards information of spaces assigned to thermal zones.</description>
      <type>Boolean</type>
      <required>true</required>
      <model_dependent>false</model_dependent>
      <default_value>true</default_value>
      <choices>
        <choice>
          <value>true</value>
          <display_name>true</display_name>
        </choice>
        <choice>
          <value>false</value>
          <display_name>false</display_name>
        </choice>
      </choices>
    </argument>
    <argument>
      <name>add_hvac</name>
      <display_name>Add HVAC System to Model</display_name>
      <description>Add HVAC System to the model</description>
      <type>Boolean</type>
      <required>true</required>
      <model_dependent>false</model_dependent>
      <default_value>true</default_value>
      <choices>
        <choice>
          <value>true</value>
          <display_name>true</display_name>
        </choice>
        <choice>
          <value>false</value>
          <display_name>false</display_name>
        </choice>
      </choices>
    </argument>
    <argument>
      <name>add_refrigeration</name>
      <display_name>Add Refrigeration to Model</display_name>
      <description>Add refrigeration cases and walkins model</description>
      <type>Boolean</type>
      <required>true</required>
      <model_dependent>false</model_dependent>
      <default_value>true</default_value>
      <choices>
        <choice>
          <value>true</value>
          <display_name>true</display_name>
        </choice>
        <choice>
          <value>false</value>
          <display_name>false</display_name>
        </choice>
      </choices>
    </argument>
    <argument>
      <name>modify_wkdy_op_hrs</name>
      <display_name>Modify weekday hours of operation</display_name>
      <description>Modify the weekday hours of operation in the model.</description>
      <type>Boolean</type>
      <required>true</required>
      <model_dependent>false</model_dependent>
      <default_value>false</default_value>
      <choices>
        <choice>
          <value>true</value>
          <display_name>true</display_name>
        </choice>
        <choice>
          <value>false</value>
          <display_name>false</display_name>
        </choice>
      </choices>
    </argument>
    <argument>
      <name>wkdy_op_hrs_start_time</name>
      <display_name>Weekday Operating Hours Start Time</display_name>
      <description>Enter 24 hour values with fractional values converted to minutes. e.g. 17.25 = 5:15pm. Only used if Modify weekday hours of operation is true.</description>
      <type>Double</type>
      <units>Hours</units>
      <required>true</required>
      <model_dependent>false</model_dependent>
      <default_value>8</default_value>
    </argument>
    <argument>
      <name>wkdy_op_hrs_duration</name>
      <display_name>Weekday Operating Hours Duration</display_name>
      <description>Length of weekday operating hours. Enter 24 hour values with fractional values converted to minutes. e.g. 17.25 = 5:15pm. Only used if Modify weekday hours of operation is true.</description>
      <type>Double</type>
      <units>Hours</units>
      <required>true</required>
      <model_dependent>false</model_dependent>
      <default_value>8</default_value>
    </argument>
    <argument>
      <name>modify_wknd_op_hrs</name>
      <display_name>Modify weekend hours of operation</display_name>
      <description>Modify the weekend hours of operation in the model.</description>
      <type>Boolean</type>
      <required>true</required>
      <model_dependent>false</model_dependent>
      <default_value>false</default_value>
      <choices>
        <choice>
          <value>true</value>
          <display_name>true</display_name>
        </choice>
        <choice>
          <value>false</value>
          <display_name>false</display_name>
        </choice>
      </choices>
    </argument>
    <argument>
      <name>wknd_op_hrs_start_time</name>
      <display_name>Weekend Operating Hours Start Time</display_name>
      <description>Enter 24 hour values with fractional values converted to minutes. e.g. 17.25 = 5:15pm.  Only used if Modify weekend hours of operation is true.</description>
      <type>Double</type>
      <units>Hours</units>
      <required>true</required>
      <model_dependent>false</model_dependent>
      <default_value>8</default_value>
    </argument>
    <argument>
      <name>wknd_op_hrs_duration</name>
      <display_name>Weekend Operating Hours Duration</display_name>
      <description>Length of weekend operating hours. Enter 24 hour values with fractional values converted to minutes. e.g. 17.25 = 5:15pm.  Only used if Modify weekend hours of operation is true.</description>
      <type>Double</type>
      <units>Hours</units>
      <required>true</required>
      <model_dependent>false</model_dependent>
      <default_value>8</default_value>
    </argument>
    <argument>
      <name>unmet_hours_tolerance</name>
      <display_name>Unmet Hours Tolerance</display_name>
      <description>Set the thermostat setpoint tolerance for unmet hours in degrees Rankine</description>
      <type>Double</type>
      <required>true</required>
      <model_dependent>false</model_dependent>
      <default_value>1</default_value>
    </argument>
    <argument>
      <name>remove_objects</name>
      <display_name>Clean Model of non-geometry objects</display_name>
      <description>Only removes objects of type that are selected to be added.</description>
      <type>Boolean</type>
      <required>true</required>
      <model_dependent>false</model_dependent>
      <default_value>true</default_value>
      <choices>
        <choice>
          <value>true</value>
          <display_name>true</display_name>
        </choice>
        <choice>
          <value>false</value>
          <display_name>false</display_name>
        </choice>
      </choices>
    </argument>
    <argument>
      <name>use_upstream_args</name>
      <display_name>Use Upstream Argument Values</display_name>
      <description>When true this will look for arguments or registerValues in upstream measures that match arguments from this measure, and will use the value from the upstream measure in place of what is entered for this measure.</description>
      <type>Boolean</type>
      <required>true</required>
      <model_dependent>false</model_dependent>
      <default_value>true</default_value>
      <choices>
        <choice>
          <value>true</value>
          <display_name>true</display_name>
        </choice>
        <choice>
          <value>false</value>
          <display_name>false</display_name>
        </choice>
      </choices>
    </argument>
    <argument>
      <name>enable_dst</name>
      <display_name>Enable Daylight Savings</display_name>
      <description>By default this will force daylight savings to be enabled. Set to false if in a location where DST is not followed, or if needed for specific use case.</description>
      <type>Boolean</type>
      <required>true</required>
      <model_dependent>false</model_dependent>
      <default_value>true</default_value>
      <choices>
        <choice>
          <value>true</value>
          <display_name>true</display_name>
        </choice>
        <choice>
          <value>false</value>
          <display_name>false</display_name>
        </choice>
      </choices>
    </argument>
    <argument>
      <name>climate_zone</name>
      <display_name>Climate Zone.</display_name>
      <type>Choice</type>
      <required>true</required>
      <model_dependent>false</model_dependent>
      <default_value>Lookup From Model</default_value>
      <choices>
        <choice>
          <value>Lookup From Model</value>
          <display_name>Lookup From Model</display_name>
        </choice>
        <choice>
          <value>ASHRAE 169-2013-1A</value>
          <display_name>ASHRAE 169-2013-1A</display_name>
        </choice>
        <choice>
          <value>ASHRAE 169-2013-1B</value>
          <display_name>ASHRAE 169-2013-1B</display_name>
        </choice>
        <choice>
          <value>ASHRAE 169-2013-2A</value>
          <display_name>ASHRAE 169-2013-2A</display_name>
        </choice>
        <choice>
          <value>ASHRAE 169-2013-2B</value>
          <display_name>ASHRAE 169-2013-2B</display_name>
        </choice>
        <choice>
          <value>ASHRAE 169-2013-3A</value>
          <display_name>ASHRAE 169-2013-3A</display_name>
        </choice>
        <choice>
          <value>ASHRAE 169-2013-3B</value>
          <display_name>ASHRAE 169-2013-3B</display_name>
        </choice>
        <choice>
          <value>ASHRAE 169-2013-3C</value>
          <display_name>ASHRAE 169-2013-3C</display_name>
        </choice>
        <choice>
          <value>ASHRAE 169-2013-4A</value>
          <display_name>ASHRAE 169-2013-4A</display_name>
        </choice>
        <choice>
          <value>ASHRAE 169-2013-4B</value>
          <display_name>ASHRAE 169-2013-4B</display_name>
        </choice>
        <choice>
          <value>ASHRAE 169-2013-4C</value>
          <display_name>ASHRAE 169-2013-4C</display_name>
        </choice>
        <choice>
          <value>ASHRAE 169-2013-5A</value>
          <display_name>ASHRAE 169-2013-5A</display_name>
        </choice>
        <choice>
          <value>ASHRAE 169-2013-5B</value>
          <display_name>ASHRAE 169-2013-5B</display_name>
        </choice>
        <choice>
          <value>ASHRAE 169-2013-5C</value>
          <display_name>ASHRAE 169-2013-5C</display_name>
        </choice>
        <choice>
          <value>ASHRAE 169-2013-6A</value>
          <display_name>ASHRAE 169-2013-6A</display_name>
        </choice>
        <choice>
          <value>ASHRAE 169-2013-6B</value>
          <display_name>ASHRAE 169-2013-6B</display_name>
        </choice>
        <choice>
          <value>ASHRAE 169-2013-7A</value>
          <display_name>ASHRAE 169-2013-7A</display_name>
        </choice>
        <choice>
          <value>ASHRAE 169-2013-8A</value>
          <display_name>ASHRAE 169-2013-8A</display_name>
        </choice>
        <choice>
          <value>CEC T24-CEC1</value>
          <display_name>CEC T24-CEC1</display_name>
        </choice>
        <choice>
          <value>CEC T24-CEC2</value>
          <display_name>CEC T24-CEC2</display_name>
        </choice>
        <choice>
          <value>CEC T24-CEC3</value>
          <display_name>CEC T24-CEC3</display_name>
        </choice>
        <choice>
          <value>CEC T24-CEC4</value>
          <display_name>CEC T24-CEC4</display_name>
        </choice>
        <choice>
          <value>CEC T24-CEC5</value>
          <display_name>CEC T24-CEC5</display_name>
        </choice>
        <choice>
          <value>CEC T24-CEC6</value>
          <display_name>CEC T24-CEC6</display_name>
        </choice>
        <choice>
          <value>CEC T24-CEC7</value>
          <display_name>CEC T24-CEC7</display_name>
        </choice>
        <choice>
          <value>CEC T24-CEC8</value>
          <display_name>CEC T24-CEC8</display_name>
        </choice>
        <choice>
          <value>CEC T24-CEC9</value>
          <display_name>CEC T24-CEC9</display_name>
        </choice>
        <choice>
          <value>CEC T24-CEC10</value>
          <display_name>CEC T24-CEC10</display_name>
        </choice>
        <choice>
          <value>CEC T24-CEC11</value>
          <display_name>CEC T24-CEC11</display_name>
        </choice>
        <choice>
          <value>CEC T24-CEC12</value>
          <display_name>CEC T24-CEC12</display_name>
        </choice>
        <choice>
          <value>CEC T24-CEC13</value>
          <display_name>CEC T24-CEC13</display_name>
        </choice>
        <choice>
          <value>CEC T24-CEC14</value>
          <display_name>CEC T24-CEC14</display_name>
        </choice>
        <choice>
          <value>CEC T24-CEC15</value>
          <display_name>CEC T24-CEC15</display_name>
        </choice>
        <choice>
          <value>CEC T24-CEC16</value>
          <display_name>CEC T24-CEC16</display_name>
        </choice>
      </choices>
    </argument>
  </arguments>
  <outputs />
  <provenances />
  <tags>
    <tag>Whole Building.Space Types</tag>
  </tags>
  <attributes>
    <attribute>
      <name>Measure Type</name>
      <value>ModelMeasure</value>
      <datatype>string</datatype>
    </attribute>
    <attribute>
      <name>Intended Software Tool</name>
      <value>Apply Measure Now</value>
      <datatype>string</datatype>
    </attribute>
    <attribute>
      <name>Intended Software Tool</name>
      <value>OpenStudio Application</value>
      <datatype>string</datatype>
    </attribute>
    <attribute>
      <name>Intended Software Tool</name>
      <value>Parametric Analysis Tool</value>
      <datatype>string</datatype>
    </attribute>
    <attribute>
      <name>Intended Use Case</name>
      <value>Model Articulation</value>
      <datatype>string</datatype>
    </attribute>
  </attributes>
  <files>
    <file>
      <filename>measure_test.osw</filename>
      <filetype>osw</filetype>
      <usage_type>test</usage_type>
      <checksum>6DB338FC</checksum>
    </file>
    <file>
      <filename>SmallOffice.osm</filename>
      <filetype>osm</filetype>
      <usage_type>test</usage_type>
      <checksum>519B22EB</checksum>
    </file>
    <file>
      <filename>MidriseApartment.osm</filename>
      <filetype>osm</filetype>
      <usage_type>test</usage_type>
      <checksum>EB7A2671</checksum>
    </file>
    <file>
      <filename>LargeOffice04.osm</filename>
      <filetype>osm</filetype>
      <usage_type>test</usage_type>
      <checksum>5415617A</checksum>
    </file>
    <file>
      <filename>USA_TX_Houston-Bush.Intercontinental.AP.722430_TMY3.epw</filename>
      <filetype>epw</filetype>
      <usage_type>test</usage_type>
      <checksum>EE565FCC</checksum>
    </file>
    <file>
      <filename>asm.osm</filename>
      <filetype>osm</filetype>
      <usage_type>test</usage_type>
      <checksum>C927EDEB</checksum>
    </file>
    <file>
      <filename>USA_TX_Houston-Bush.Intercontinental.AP.722430_TMY3.epw</filename>
      <filetype>epw</filetype>
      <usage_type>test</usage_type>
      <checksum>EE565FCC</checksum>
    </file>
    <file>
      <filename>GenericGbxml.osm</filename>
      <filetype>osm</filetype>
      <usage_type>test</usage_type>
      <checksum>E27658D5</checksum>
    </file>
    <file>
      <filename>ecc.osm</filename>
      <filetype>osm</filetype>
      <usage_type>test</usage_type>
      <checksum>0D1FD7A7</checksum>
    </file>
    <file>
      <filename>epr.osm</filename>
      <filetype>osm</filetype>
      <usage_type>test</usage_type>
      <checksum>55F8A3CA</checksum>
    </file>
    <file>
      <filename>erc.osm</filename>
      <filetype>osm</filetype>
      <usage_type>test</usage_type>
      <checksum>F0ADEB91</checksum>
    </file>
    <file>
      <filename>ese.osm</filename>
      <filetype>osm</filetype>
      <usage_type>test</usage_type>
      <checksum>08859CC2</checksum>
    </file>
    <file>
      <filename>eun.osm</filename>
      <filetype>osm</filetype>
      <usage_type>test</usage_type>
      <checksum>4230F1BD</checksum>
    </file>
    <file>
      <filename>gro.osm</filename>
      <filetype>osm</filetype>
      <usage_type>test</usage_type>
      <checksum>3DCB949D</checksum>
    </file>
    <file>
      <filename>hsp.osm</filename>
      <filetype>osm</filetype>
      <usage_type>test</usage_type>
      <checksum>3324A4F6</checksum>
    </file>
    <file>
      <filename>htl.osm</filename>
      <filetype>osm</filetype>
      <usage_type>test</usage_type>
      <checksum>08158030</checksum>
    </file>
    <file>
      <filename>mbt.osm</filename>
      <filetype>osm</filetype>
      <usage_type>test</usage_type>
      <checksum>A03CF17A</checksum>
    </file>
    <file>
      <filename>mfm.osm</filename>
      <filetype>osm</filetype>
      <usage_type>test</usage_type>
      <checksum>FAE2CA01</checksum>
    </file>
    <file>
      <filename>mli.osm</filename>
      <filetype>osm</filetype>
      <usage_type>test</usage_type>
      <checksum>0D86F0AB</checksum>
    </file>
    <file>
      <filename>mtl.osm</filename>
      <filetype>osm</filetype>
      <usage_type>test</usage_type>
      <checksum>4F124552</checksum>
    </file>
    <file>
      <filename>nrs.osm</filename>
      <filetype>osm</filetype>
      <usage_type>test</usage_type>
      <checksum>06BC1C8F</checksum>
    </file>
    <file>
      <filename>ofl.osm</filename>
      <filetype>osm</filetype>
      <usage_type>test</usage_type>
      <checksum>49A20678</checksum>
    </file>
    <file>
      <filename>ofs.osm</filename>
      <filetype>osm</filetype>
      <usage_type>test</usage_type>
      <checksum>B9224A80</checksum>
    </file>
    <file>
      <filename>rff.osm</filename>
      <filetype>osm</filetype>
      <usage_type>test</usage_type>
      <checksum>47177F4F</checksum>
    </file>
    <file>
      <filename>rsd.osm</filename>
      <filetype>osm</filetype>
      <usage_type>test</usage_type>
      <checksum>E9854661</checksum>
    </file>
    <file>
      <filename>rt3.osm</filename>
      <filetype>osm</filetype>
      <usage_type>test</usage_type>
      <checksum>14568D61</checksum>
    </file>
    <file>
      <filename>rtl.osm</filename>
      <filetype>osm</filetype>
      <usage_type>test</usage_type>
      <checksum>B2BA32EE</checksum>
    </file>
    <file>
      <filename>rts.osm</filename>
      <filetype>osm</filetype>
      <usage_type>test</usage_type>
      <checksum>E26A1E95</checksum>
    </file>
    <file>
      <filename>scn.osm</filename>
      <filetype>osm</filetype>
      <usage_type>test</usage_type>
      <checksum>0CB53C80</checksum>
    </file>
    <file>
      <filename>sun.osm</filename>
      <filetype>osm</filetype>
      <usage_type>test</usage_type>
      <checksum>58FF4052</checksum>
    </file>
    <file>
      <filename>wrf.osm</filename>
      <filetype>osm</filetype>
      <usage_type>test</usage_type>
      <checksum>F22DEFBC</checksum>
    </file>
    <file>
      <filename>README.md.erb</filename>
      <filetype>erb</filetype>
      <usage_type>readmeerb</usage_type>
      <checksum>9CCCA1AC</checksum>
    </file>
    <file>
      <filename>README.md</filename>
      <filetype>md</filetype>
      <usage_type>readme</usage_type>
      <checksum>0D03D713</checksum>
    </file>
    <file>
      <filename>LICENSE.md</filename>
      <filetype>md</filetype>
      <usage_type>license</usage_type>
      <checksum>E0468DD6</checksum>
    </file>
    <file>
      <filename>Model.hvac.rb</filename>
      <filetype>rb</filetype>
      <usage_type>resource</usage_type>
      <checksum>007BDD2B</checksum>
    </file>
    <file>
      <version>
        <software_program>OpenStudio</software_program>
        <identifier>2.0.0</identifier>
        <min_compatible>3.0.0</min_compatible>
      </version>
      <filename>measure.rb</filename>
      <filetype>rb</filetype>
      <usage_type>script</usage_type>
      <checksum>6E6F78F0</checksum>
    </file>
    <file>
      <filename>measure_test_hvac.rb</filename>
      <filetype>rb</filetype>
      <usage_type>test</usage_type>
      <checksum>371B841C</checksum>
    </file>
    <file>
      <filename>create_typical_building_from_model_test.rb</filename>
      <filetype>rb</filetype>
      <usage_type>test</usage_type>
      <checksum>CFEF1007</checksum>
    </file>
  </files>
</measure>
