<measure>
  <schema_version>3.0</schema_version>
  <name>add_redirecting_bipv</name>
  <uid>155ee368-ae2f-4a82-af75-c2c89861cd62</uid>
  <version_id>07680941-e817-4db9-b9a5-e3ca53be605d</version_id>
  <version_modified>20200416T172856Z</version_modified>
  <xml_checksum>63A7174A</xml_checksum>
  <class_name>AddRedirectingBipv</class_name>
  <display_name>Add Redirecting BIPV1</display_name>
  <description>Add 'UbiQD' PV technology to windows</description>
  <modeler_description>Adds PV to selected windows. Efficiency is scaled to represent theoretical efficiency of quantum dot energy redirection to PV mounted in IGU framing. Scaling factors for QD impacts on visible transmittance and SHGC are provided</modeler_description>
  <arguments>
    <argument>
      <name>dot_coverage</name>
      <display_name>QD Surface Coverage</display_name>
      <type>Double</type>
      <units>fraction</units>
      <required>true</required>
      <model_dependent>false</model_dependent>
      <default_value>1</default_value>
    </argument>
    <argument>
      <name>pv_eff</name>
      <display_name>PV Efficiency</display_name>
      <type>Double</type>
      <units>fraction</units>
      <required>true</required>
      <model_dependent>false</model_dependent>
      <default_value>0.05</default_value>
    </argument>
    <argument>
      <name>inverter_eff</name>
      <display_name>Inverter Efficiency</display_name>
      <type>Double</type>
      <units>fraction</units>
      <required>true</required>
      <model_dependent>false</model_dependent>
      <default_value>1</default_value>
    </argument>
    <argument>
      <name>shgc_mult</name>
      <display_name>SHGC Multiplier</display_name>
      <type>Double</type>
      <units>fraction</units>
      <required>true</required>
      <model_dependent>false</model_dependent>
      <default_value>1</default_value>
    </argument>
    <argument>
      <name>facade</name>
      <display_name>facade</display_name>
      <type>Choice</type>
      <required>true</required>
      <model_dependent>false</model_dependent>
      <default_value>ESW</default_value>
      <choices>
        <choice>
          <value>N</value>
          <display_name>N</display_name>
        </choice>
        <choice>
          <value>E</value>
          <display_name>E</display_name>
        </choice>
        <choice>
          <value>S</value>
          <display_name>S</display_name>
        </choice>
        <choice>
          <value>W</value>
          <display_name>W</display_name>
        </choice>
        <choice>
          <value>ESW</value>
          <display_name>ESW</display_name>
        </choice>
        <choice>
          <value>ALL</value>
          <display_name>ALL</display_name>
        </choice>
        <choice>
          <value>NONE</value>
          <display_name>NONE</display_name>
        </choice>
      </choices>
    </argument>
    <argument>
      <name>debug_mode</name>
      <display_name>Debug Mode</display_name>
      <description>Print debugging info</description>
      <type>Boolean</type>
      <required>false</required>
      <model_dependent>false</model_dependent>
      <default_value>false</default_value>
      <choices>
        <choice>
          <value>true</value>
          <display_name>true</display_name>
        </choice>
        <choice>
          <value>false</value>
          <display_name>false</display_name>
        </choice>
      </choices>
    </argument>
  </arguments>
  <outputs>
    <output>
      <name>panel_rated_output</name>
      <display_name>panel_rated_output</display_name>
      <short_name>panel_rated_output</short_name>
      <type>Double</type>
      <model_dependent>false</model_dependent>
    </output>
    <output>
      <name>panel_rated_output_ip</name>
      <display_name>panel_rated_output_ip</display_name>
      <short_name>panel_rated_output_ip</short_name>
      <type>Double</type>
      <model_dependent>false</model_dependent>
    </output>
    <output>
      <name>system_rated_output</name>
      <display_name>system_rated_output</display_name>
      <short_name>system_rated_output</short_name>
      <type>Double</type>
      <model_dependent>false</model_dependent>
    </output>
    <output>
      <name>pv_area_total_ip</name>
      <display_name>pv_area_total_ip</display_name>
      <short_name>pv_area_total_ip</short_name>
      <type>Double</type>
      <model_dependent>false</model_dependent>
    </output>
    <output>
      <name>facade</name>
      <display_name>facade</display_name>
      <short_name>facade</short_name>
      <type>String</type>
      <model_dependent>false</model_dependent>
    </output>
  </outputs>
  <provenances/>
  <tags>
    <tag>Onsite Power Generation.Photovoltaic</tag>
  </tags>
  <attributes>
    <attribute>
      <name>Intended Software Tool</name>
      <value>Apply Measure Now</value>
      <datatype>string</datatype>
    </attribute>
    <attribute>
      <name>Intended Software Tool</name>
      <value>OpenStudio Application</value>
      <datatype>string</datatype>
    </attribute>
    <attribute>
      <name>Intended Software Tool</name>
      <value>Parametric Analysis Tool</value>
      <datatype>string</datatype>
    </attribute>
    <attribute>
      <name>Intended Software Tool</name>
      <value>Analysis Spreadsheet</value>
      <datatype>string</datatype>
    </attribute>
    <attribute>
      <name>Intended Use Case</name>
      <value>Model Articulation</value>
      <datatype>string</datatype>
    </attribute>
    <attribute>
      <name>Intended Use Case</name>
      <value>New Construction EE</value>
      <datatype>string</datatype>
    </attribute>
    <attribute>
      <name>Intended Use Case</name>
      <value>Retrofit EE</value>
      <datatype>string</datatype>
    </attribute>
    <attribute>
      <name>Measure Type</name>
      <value>ModelMeasure</value>
      <datatype>string</datatype>
    </attribute>
  </attributes>
  <files>
    <file>
      <filename>os_lib_helper_methods.rb</filename>
      <filetype>rb</filetype>
      <usage_type>resource</usage_type>
      <checksum>A6430141</checksum>
    </file>
    <file>
      <filename>os_lib_schedules.rb</filename>
      <filetype>rb</filetype>
      <usage_type>resource</usage_type>
      <checksum>C4185CAA</checksum>
    </file>
    <file>
      <filename>HVACSizing.Model.rb</filename>
      <filetype>rb</filetype>
      <usage_type>resource</usage_type>
      <checksum>8FDE9459</checksum>
    </file>
    <file>
      <filename>Standards.Construction.rb</filename>
      <filetype>rb</filetype>
      <usage_type>resource</usage_type>
      <checksum>F408C706</checksum>
    </file>
    <file>
      <version>
        <software_program>OpenStudio</software_program>
        <identifier>1.9.0</identifier>
        <min_compatible>1.9.0</min_compatible>
      </version>
      <filename>measure.rb</filename>
      <filetype>rb</filetype>
      <usage_type>script</usage_type>
      <checksum>5809B841</checksum>
    </file>
  </files>
</measure>
