<measure>
  <schema_version>3.0</schema_version>
  <name>export_variableto_csv</name>
  <uid>6fdecd71-cee1-40b2-9b38-b92f4073f023</uid>
  <version_id>443410fd-c206-4363-9362-a145a79ccb49</version_id>
  <version_modified>20200606T003942Z</version_modified>
  <xml_checksum>58A298CD</xml_checksum>
  <class_name>ExportVariabletoCSV</class_name>
  <display_name>ExportVariabletoCSV</display_name>
  <description>Exports an OutputVariable specified in the AddOutputVariable OpenStudio measure to a csv file.</description>
  <modeler_description>This measure searches for the OutputVariable name in the eplusout sql file and saves it to a csv file.</modeler_description>
  <arguments>
    <argument>
      <name>variable_name</name>
      <display_name>Enter Variable Name.</display_name>
      <type>String</type>
      <required>true</required>
      <model_dependent>false</model_dependent>
    </argument>
    <argument>
      <name>reporting_frequency</name>
      <display_name>Reporting Frequency.</display_name>
      <type>Choice</type>
      <required>true</required>
      <model_dependent>false</model_dependent>
      <default_value>Hourly</default_value>
      <choices>
        <choice>
          <value>Hourly</value>
          <display_name>Hourly</display_name>
        </choice>
        <choice>
          <value>Zone Timestep</value>
          <display_name>Zone Timestep</display_name>
        </choice>
      </choices>
    </argument>
  </arguments>
  <outputs/>
  <provenances/>
  <tags>
    <tag>Reporting.QAQC</tag>
  </tags>
  <attributes>
    <attribute>
      <name>Measure Type</name>
      <value>ReportingMeasure</value>
      <datatype>string</datatype>
    </attribute>
    <attribute>
      <name>Intended Software Tool</name>
      <value>OpenStudio Application</value>
      <datatype>string</datatype>
    </attribute>
    <attribute>
      <name>Intended Software Tool</name>
      <value>Parametric Analysis Tool</value>
      <datatype>string</datatype>
    </attribute>
    <attribute>
      <name>Intended Use Case</name>
      <value>Model Articulation</value>
      <datatype>string</datatype>
    </attribute>
  </attributes>
  <files>
    <file>
      <filename>report.html.in</filename>
      <filetype>in</filetype>
      <usage_type>resource</usage_type>
      <checksum>3501204C</checksum>
    </file>
    <file>
      <filename>example_model.osm</filename>
      <filetype>osm</filetype>
      <usage_type>test</usage_type>
      <checksum>CBCC1FAC</checksum>
    </file>
    <file>
      <version>
        <software_program>OpenStudio</software_program>
        <identifier>1.8.3</identifier>
        <min_compatible>1.8.0</min_compatible>
      </version>
      <filename>measure.rb</filename>
      <filetype>rb</filetype>
      <usage_type>script</usage_type>
      <checksum>DB9A1480</checksum>
    </file>
    <file>
      <filename>ExportVariabletoCSV_test.rb</filename>
      <filetype>rb</filetype>
      <usage_type>test</usage_type>
      <checksum>8E2C83B3</checksum>
    </file>
  </files>
</measure>
