<measure>
  <schema_version>3.0</schema_version>
  <name>a_inject_window_specific_idf_objects</name>
  <uid>b5cd7571-8ee9-4657-845b-43513fd2b983</uid>
  <version_id>45297a81-f750-4ef3-bc8c-cf5743941dc2</version_id>
  <version_modified>20200619T233549Z</version_modified>
  <xml_checksum>79C5D5D1</xml_checksum>
  <class_name>AInjectWindowSpecificIDFObjects</class_name>
  <display_name> Inject Window Specific IDF Objects</display_name>
  <description>This measure allows you to inject IDF objects into an OSM generated IDF prior to passing the IDF off to EnergyPlus.</description>
  <modeler_description>This provides a stepping stone between exporting an IDF from OpenStudio and hand editing the IDF and writing fully functional OpenStudio EnergyPlus measures.

This measure works for when you just need to add new IDF objects. If you need to interact with or alter IDF objects made by the OpenStudio forward translator, you will want to write an EnergyPlus measure wtih more use-case specific logic.</modeler_description>
  <arguments>
    <argument>
      <name>glztype</name>
      <display_name>Choice of IGU</display_name>
      <type>Choice</type>
      <required>true</required>
      <model_dependent>false</model_dependent>
      <default_value>Baseline_ASHRAE</default_value>
      <choices>
        <choice>
          <value>Baseline_ASHRAE</value>
          <display_name>Baseline_ASHRAE</display_name>
        </choice>
        <choice>
          <value>Baseline_GlzSys6</value>
          <display_name>Baseline_GlzSys6</display_name>
        </choice>
        <choice>
          <value>Baseline_GlzSys13</value>
          <display_name>Baseline_GlzSys13</display_name>
        </choice>
        <choice>
          <value>Baseline_GlzSys15</value>
          <display_name>Baseline_GlzSys15</display_name>
        </choice>
        <choice>
          <value>Baseline_GlzSys6_13</value>
          <display_name>Baseline_GlzSys6_13</display_name>
        </choice>
        <choice>
          <value>Baseline_GlzSys15_withPV</value>
          <display_name>Baseline_GlzSys15_withPV</display_name>
        </choice>
        <choice>
          <value>GlzSys_6_withoutPV</value>
          <display_name>GlzSys_6_withoutPV</display_name>
        </choice>
        <choice>
          <value>GlzSys_13_withoutPV</value>
          <display_name>GlzSys_13_withoutPV</display_name>
        </choice>
        <choice>
          <value>GlzSys_6_withPV</value>
          <display_name>GlzSys_6_withPV</display_name>
        </choice>
        <choice>
          <value>GlzSys_13_withPV</value>
          <display_name>GlzSys_13_withPV</display_name>
        </choice>
        <choice>
          <value>GlzSys_Dark</value>
          <display_name>GlzSys_Dark</display_name>
        </choice>
        <choice>
          <value>GlzSys_Light</value>
          <display_name>GlzSys_Light</display_name>
        </choice>
        <choice>
          <value>GlzSys_Thermochromic_40C</value>
          <display_name>GlzSys_Thermochromic_40C</display_name>
        </choice>
        <choice>
          <value>GlzSys_Thermochromic_35C</value>
          <display_name>GlzSys_Thermochromic_35C</display_name>
        </choice>
        <choice>
          <value>GlzSys_Thermochromic_30C</value>
          <display_name>GlzSys_Thermochromic_30C</display_name>
        </choice>
        <choice>
          <value>FrameTest_woFrame</value>
          <display_name>FrameTest_woFrame</display_name>
        </choice>
        <choice>
          <value>FrameTest_wFrame</value>
          <display_name>FrameTest_wFrame</display_name>
        </choice>
        <choice>
          <value>VeryHot_ASHRAE</value>
          <display_name>VeryHot_ASHRAE</display_name>
        </choice>
        <choice>
          <value>VeryHot_SwitchGlaze</value>
          <display_name>VeryHot_SwitchGlaze</display_name>
        </choice>
        <choice>
          <value>VeryHot_Dark</value>
          <display_name>VeryHot_Dark</display_name>
        </choice>
        <choice>
          <value>VeryHot_Light</value>
          <display_name>VeryHot_Light</display_name>
        </choice>
        <choice>
          <value>Hot_ASHRAE</value>
          <display_name>Hot_ASHRAE</display_name>
        </choice>
        <choice>
          <value>Hot_SwitchGlaze</value>
          <display_name>Hot_SwitchGlaze</display_name>
        </choice>
        <choice>
          <value>Hot_Dark</value>
          <display_name>Hot_Dark</display_name>
        </choice>
        <choice>
          <value>Hot_Light</value>
          <display_name>Hot_Light</display_name>
        </choice>
        <choice>
          <value>Cold_ASHRAE</value>
          <display_name>Cold_ASHRAE</display_name>
        </choice>
        <choice>
          <value>Cold_SwitchGlaze</value>
          <display_name>Cold_SwitchGlaze</display_name>
        </choice>
        <choice>
          <value>Cold_Dark</value>
          <display_name>Cold_Dark</display_name>
        </choice>
        <choice>
          <value>Cold_Light</value>
          <display_name>Cold_Light</display_name>
        </choice>
        <choice>
          <value>VeryCold_ASHRAE</value>
          <display_name>VeryCold_ASHRAE</display_name>
        </choice>
        <choice>
          <value>VeryCold_SwitchGlaze</value>
          <display_name>VeryCold_SwitchGlaze</display_name>
        </choice>
        <choice>
          <value>VeryCold_Dark</value>
          <display_name>VeryCold_Dark</display_name>
        </choice>
        <choice>
          <value>VeryCold_Light</value>
          <display_name>VeryCold_Light</display_name>
        </choice>
      </choices>
    </argument>
    <argument>
      <name>choice</name>
      <display_name>Choice of window</display_name>
      <type>Choice</type>
      <required>true</required>
      <model_dependent>false</model_dependent>
      <default_value>All fenestration surfaces</default_value>
      <choices>
        <choice>
          <value>All fenestration surfaces</value>
          <display_name>All fenestration surfaces</display_name>
        </choice>
      </choices>
    </argument>
    <argument>
      <name>idf_path</name>
      <display_name>path to the folder that includes idf files containing window objects</display_name>
      <type>String</type>
      <required>true</required>
      <model_dependent>false</model_dependent>
      <default_value>C:\SpectralIDFs</default_value>
    </argument>
    <argument>
      <name>t_switching</name>
      <display_name>Switching temperature of a thermochromic window</display_name>
      <description>Only applicable when thermochromic window is selected</description>
      <type>Double</type>
      <units>C</units>
      <required>true</required>
      <model_dependent>false</model_dependent>
      <default_value>35</default_value>
    </argument>
    <argument>
      <name>serverrun</name>
      <display_name>Running on the server (and not in local)?</display_name>
      <description>Select if simulation is being ran on the server</description>
      <type>Boolean</type>
      <required>false</required>
      <model_dependent>false</model_dependent>
      <default_value>false</default_value>
      <choices>
        <choice>
          <value>true</value>
          <display_name>true</display_name>
        </choice>
        <choice>
          <value>false</value>
          <display_name>false</display_name>
        </choice>
      </choices>
    </argument>
  </arguments>
  <outputs/>
  <provenances/>
  <tags>
    <tag>Envelope.Fenestration</tag>
  </tags>
  <attributes>
    <attribute>
      <name>Uses SketchUp API</name>
      <value>false</value>
      <datatype>boolean</datatype>
    </attribute>
    <attribute>
      <name>Intended Software Tool</name>
      <value>OpenStudio Application</value>
      <datatype>string</datatype>
    </attribute>
    <attribute>
      <name>Intended Software Tool</name>
      <value>Parametric Analysis Tool</value>
      <datatype>string</datatype>
    </attribute>
    <attribute>
      <name>Intended Software Tool</name>
      <value>Analysis Spreadsheet</value>
      <datatype>string</datatype>
    </attribute>
    <attribute>
      <name>Intended Use Case</name>
      <value>Model Articulation</value>
      <datatype>string</datatype>
    </attribute>
    <attribute>
      <name>Measure Type</name>
      <value>EnergyPlusMeasure</value>
      <datatype>string</datatype>
    </attribute>
    <attribute>
      <name>Intended Software Tool</name>
      <value>OpenStudio Application</value>
      <datatype>string</datatype>
    </attribute>
    <attribute>
      <name>Intended Software Tool</name>
      <value>Parametric Analysis Tool</value>
      <datatype>string</datatype>
    </attribute>
    <attribute>
      <name>Intended Software Tool</name>
      <value>Analysis Spreadsheet</value>
      <datatype>string</datatype>
    </attribute>
    <attribute>
      <name>Intended Use Case</name>
      <value>Model Articulation</value>
      <datatype>string</datatype>
    </attribute>
  </attributes>
  <files>
    <file>
      <filename>EnvelopeAndLoadTestModel_01.osm</filename>
      <filetype>osm</filetype>
      <usage_type>test</usage_type>
      <checksum>E11F67BD</checksum>
    </file>
    <file>
      <filename>Example B - BlockEnergyCharge.idf</filename>
      <filetype>idf</filetype>
      <usage_type>test</usage_type>
      <checksum>F90DD242</checksum>
    </file>
    <file>
      <filename>test.osw</filename>
      <filetype>osw</filetype>
      <usage_type>test</usage_type>
      <checksum>F5FABCCF</checksum>
    </file>
    <file>
      <filename>measure_Test.rb</filename>
      <filetype>rb</filetype>
      <usage_type>test</usage_type>
      <checksum>39461B1F</checksum>
    </file>
    <file>
      <filename>LICENSE.md</filename>
      <filetype>md</filetype>
      <usage_type>license</usage_type>
      <checksum>9640B6CB</checksum>
    </file>
    <file>
      <version>
        <software_program>OpenStudio</software_program>
        <identifier>2.0.0</identifier>
        <min_compatible>2.0.0</min_compatible>
      </version>
      <filename>measure.rb</filename>
      <filetype>rb</filetype>
      <usage_type>script</usage_type>
      <checksum>9B5858B3</checksum>
    </file>
  </files>
</measure>
