<?xml version="1.0"?>
<measure>
  <schema_version>3.0</schema_version>
  <name>add_thermochromic_bipv</name>
  <uid>11088181-e92b-42d3-a1d0-91d4d0261dbb</uid>
  <version_id>35677f6c-d7d9-4e0f-8a32-0e98c7770fe1</version_id>
  <version_modified>20210723T174454Z</version_modified>
  <xml_checksum>894A4CEA</xml_checksum>
  <class_name>AddThermochromicBIPV</class_name>
  <display_name>Add Thermochromic BIPV</display_name>
  <description>Adds BIPV (Building Integrated Photovoltaic) on window surfaces. Define switching temperature for thermochromic windows. Implement power conversion efficiency difference between light and dark state windows.</description>
  <modeler_description>Adds simple PV object for BIPV implementation. Implement thermochromic window with switching temperature definition. Implement power conversion efficiency difference betwee light and dark state windows.</modeler_description>
  <arguments>
    <argument>
      <name>iqe</name>
      <display_name>iqe</display_name>
      <type>Choice</type>
      <required>true</required>
      <model_dependent>false</model_dependent>
      <choices>
        <choice>
          <value>Tnt_50%_S_I0</value>
          <display_name>Tnt_50%_S_I0</display_name>
        </choice>
        <choice>
          <value>Tnt_50%_S_I0pt4</value>
          <display_name>Tnt_50%_S_I0pt4</display_name>
        </choice>
        <choice>
          <value>Tnt_50%_S_I0pt6</value>
          <display_name>Tnt_50%_S_I0pt6</display_name>
        </choice>
        <choice>
          <value>Tnt_50%_S_I0pt8</value>
          <display_name>Tnt_50%_S_I0pt8</display_name>
        </choice>
        <choice>
          <value>Tnt_50%_N_I0</value>
          <display_name>Tnt_50%_N_I0</display_name>
        </choice>
        <choice>
          <value>Tnt_50%_N_I0pt4</value>
          <display_name>Tnt_50%_N_I0pt4</display_name>
        </choice>
        <choice>
          <value>Tnt_50%_N_I0pt6</value>
          <display_name>Tnt_50%_N_I0pt6</display_name>
        </choice>
        <choice>
          <value>Tnt_50%_N_I0pt8</value>
          <display_name>Tnt_50%_N_I0pt8</display_name>
        </choice>
        <choice>
          <value>Tnt_25%_N_I0</value>
          <display_name>Tnt_25%_N_I0</display_name>
        </choice>
        <choice>
          <value>Tnt_25%_N_I0pt4</value>
          <display_name>Tnt_25%_N_I0pt4</display_name>
        </choice>
        <choice>
          <value>Tnt_25%_N_I0pt6</value>
          <display_name>Tnt_25%_N_I0pt6</display_name>
        </choice>
        <choice>
          <value>Tnt_25%_N_I0pt8</value>
          <display_name>Tnt_25%_N_I0pt8</display_name>
        </choice>
        <choice>
          <value>Tnt_20%_N_I0</value>
          <display_name>Tnt_20%_N_I0</display_name>
        </choice>
        <choice>
          <value>Tnt_20%_N_I0pt4</value>
          <display_name>Tnt_20%_N_I0pt4</display_name>
        </choice>
        <choice>
          <value>Tnt_20%_N_I0pt6</value>
          <display_name>Tnt_20%_N_I0pt6</display_name>
        </choice>
        <choice>
          <value>Tnt_20%_N_I0pt8</value>
          <display_name>Tnt_20%_N_I0pt8</display_name>
        </choice>
        <choice>
          <value>Tnt_15%_N_I0</value>
          <display_name>Tnt_15%_N_I0</display_name>
        </choice>
        <choice>
          <value>Tnt_15%_N_I0pt4</value>
          <display_name>Tnt_15%_N_I0pt4</display_name>
        </choice>
        <choice>
          <value>Tnt_15%_N_I0pt6</value>
          <display_name>Tnt_15%_N_I0pt6</display_name>
        </choice>
        <choice>
          <value>Tnt_15%_N_I0pt8</value>
          <display_name>Tnt_15%_N_I0pt8</display_name>
        </choice>
        <choice>
          <value>Tnt_10%_N_I0</value>
          <display_name>Tnt_10%_N_I0</display_name>
        </choice>
        <choice>
          <value>Tnt_10%_N_I0pt4</value>
          <display_name>Tnt_10%_N_I0pt4</display_name>
        </choice>
        <choice>
          <value>Tnt_10%_N_I0pt6</value>
          <display_name>Tnt_10%_N_I0pt6</display_name>
        </choice>
        <choice>
          <value>Tnt_10%_N_I0pt8</value>
          <display_name>Tnt_10%_N_I0pt8</display_name>
        </choice>
        <choice>
          <value>Tnt_5%_N_I0</value>
          <display_name>Tnt_5%_N_I0</display_name>
        </choice>
        <choice>
          <value>Tnt_5%_N_I0pt4</value>
          <display_name>Tnt_5%_N_I0pt4</display_name>
        </choice>
        <choice>
          <value>Tnt_5%_N_I0pt6</value>
          <display_name>Tnt_5%_N_I0pt6</display_name>
        </choice>
        <choice>
          <value>Tnt_5%_N_I0pt8</value>
          <display_name>Tnt_5%_N_I0pt8</display_name>
        </choice>
        <choice>
          <value>Tnt_0pt5%_N_I0</value>
          <display_name>Tnt_0pt5%_N_I0</display_name>
        </choice>
        <choice>
          <value>Tnt_0pt5%_N_I0pt4</value>
          <display_name>Tnt_0pt5%_N_I0pt4</display_name>
        </choice>
        <choice>
          <value>Tnt_0pt5%_N_I0pt6</value>
          <display_name>Tnt_0pt5%_N_I0pt6</display_name>
        </choice>
        <choice>
          <value>Tnt_0pt5%_N_I0pt8</value>
          <display_name>Tnt_0pt5%_N_I0pt8</display_name>
        </choice>
        <choice>
          <value>Tr_0pt5%_N_I0</value>
          <display_name>Tr_0pt5%_N_I0</display_name>
        </choice>
        <choice>
          <value>Tr_0pt5%_N_I0pt4</value>
          <display_name>Tr_0pt5%_N_I0pt4</display_name>
        </choice>
        <choice>
          <value>Tr_0pt5%_N_I0pt6</value>
          <display_name>Tr_0pt5%_N_I0pt6</display_name>
        </choice>
        <choice>
          <value>Tr_0pt5%_N_I0pt8</value>
          <display_name>Tr_0pt5%_N_I0pt8</display_name>
        </choice>
        <choice>
          <value>Tr_5%_N_I0</value>
          <display_name>Tr_5%_N_I0</display_name>
        </choice>
        <choice>
          <value>Tr_5%_N_I0pt4</value>
          <display_name>Tr_5%_N_I0pt4</display_name>
        </choice>
        <choice>
          <value>Tr_5%_N_I0pt6</value>
          <display_name>Tr_5%_N_I0pt6</display_name>
        </choice>
        <choice>
          <value>Tr_5%_N_I0pt8</value>
          <display_name>Tr_5%_N_I0pt8</display_name>
        </choice>
        <choice>
          <value>V_0pt5%_N_I0</value>
          <display_name>V_0pt5%_N_I0</display_name>
        </choice>
        <choice>
          <value>V_0pt5%_N_I0pt4</value>
          <display_name>V_0pt5%_N_I0pt4</display_name>
        </choice>
        <choice>
          <value>V_0pt5%_N_I0pt6</value>
          <display_name>V_0pt5%_N_I0pt6</display_name>
        </choice>
        <choice>
          <value>V_0pt5%_N_I0pt8</value>
          <display_name>V_0pt5%_N_I0pt8</display_name>
        </choice>
        <choice>
          <value>V_5%_N_I0</value>
          <display_name>V_5%_N_I0</display_name>
        </choice>
        <choice>
          <value>V_5%_N_I0pt4</value>
          <display_name>V_5%_N_I0pt4</display_name>
        </choice>
        <choice>
          <value>V_5%_N_I0pt6</value>
          <display_name>V_5%_N_I0pt6</display_name>
        </choice>
        <choice>
          <value>V_5%_N_I0pt8</value>
          <display_name>V_5%_N_I0pt8</display_name>
        </choice>
        <choice>
          <value>Tr_25%_N_I0</value>
          <display_name>Tr_25%_N_I0</display_name>
        </choice>
        <choice>
          <value>Tr_25%_N_I0pt4</value>
          <display_name>Tr_25%_N_I0pt4</display_name>
        </choice>
        <choice>
          <value>Tr_25%_N_I0pt6</value>
          <display_name>Tr_25%_N_I0pt6</display_name>
        </choice>
        <choice>
          <value>Tr_25%_N_I0pt8</value>
          <display_name>Tr_25%_N_I0pt8</display_name>
        </choice>
        <choice>
          <value>Tr_50%_N_I0</value>
          <display_name>Tr_50%_N_I0</display_name>
        </choice>
        <choice>
          <value>Tr_50%_N_I0pt4</value>
          <display_name>Tr_50%_N_I0pt4</display_name>
        </choice>
        <choice>
          <value>Tr_50%_N_I0pt6</value>
          <display_name>Tr_50%_N_I0pt6</display_name>
        </choice>
        <choice>
          <value>Tr_50%_N_I0pt8</value>
          <display_name>Tr_50%_N_I0pt8</display_name>
        </choice>
        <choice>
          <value>Tr_50%_S_I0</value>
          <display_name>Tr_50%_S_I0</display_name>
        </choice>
        <choice>
          <value>Tr_50%_S_I0pt4</value>
          <display_name>Tr_50%_S_I0pt4</display_name>
        </choice>
        <choice>
          <value>Tr_50%_S_I0pt6</value>
          <display_name>Tr_50%_S_I0pt6</display_name>
        </choice>
        <choice>
          <value>Tr_50%_S_I0pt8</value>
          <display_name>Tr_50%_S_I0pt8</display_name>
        </choice>
        <choice>
          <value>V_25%_N_I0</value>
          <display_name>V_25%_N_I0</display_name>
        </choice>
        <choice>
          <value>V_25%_N_I0pt4</value>
          <display_name>V_25%_N_I0pt4</display_name>
        </choice>
        <choice>
          <value>V_25%_N_I0pt6</value>
          <display_name>V_25%_N_I0pt6</display_name>
        </choice>
        <choice>
          <value>V_25%_N_I0pt8</value>
          <display_name>V_25%_N_I0pt8</display_name>
        </choice>
        <choice>
          <value>V_50%_N_I0</value>
          <display_name>V_50%_N_I0</display_name>
        </choice>
        <choice>
          <value>V_50%_N_I0pt4</value>
          <display_name>V_50%_N_I0pt4</display_name>
        </choice>
        <choice>
          <value>V_50%_N_I0pt6</value>
          <display_name>V_50%_N_I0pt6</display_name>
        </choice>
        <choice>
          <value>V_50%_N_I0pt8</value>
          <display_name>V_50%_N_I0pt8</display_name>
        </choice>
        <choice>
          <value>V_50%_S_I0</value>
          <display_name>V_50%_S_I0</display_name>
        </choice>
        <choice>
          <value>V_50%_S_I0pt4</value>
          <display_name>V_50%_S_I0pt4</display_name>
        </choice>
        <choice>
          <value>V_50%_S_I0pt6</value>
          <display_name>V_50%_S_I0pt6</display_name>
        </choice>
        <choice>
          <value>V_50%_S_I0pt8</value>
          <display_name>V_50%_S_I0pt8</display_name>
        </choice>
      </choices>
    </argument>
    <argument>
      <name>facade</name>
      <display_name>facade</display_name>
      <type>Choice</type>
      <required>true</required>
      <model_dependent>false</model_dependent>
      <default_value>S</default_value>
      <choices>
        <choice>
          <value>N</value>
          <display_name>N</display_name>
        </choice>
        <choice>
          <value>E</value>
          <display_name>E</display_name>
        </choice>
        <choice>
          <value>S</value>
          <display_name>S</display_name>
        </choice>
        <choice>
          <value>W</value>
          <display_name>W</display_name>
        </choice>
        <choice>
          <value>ESW</value>
          <display_name>ESW</display_name>
        </choice>
        <choice>
          <value>ALL</value>
          <display_name>ALL</display_name>
        </choice>
        <choice>
          <value>NONE</value>
          <display_name>NONE</display_name>
        </choice>
      </choices>
    </argument>
    <argument>
      <name>pce_scenario</name>
      <display_name>Choice of power conversion efficiency modeling scenario</display_name>
      <type>Choice</type>
      <required>true</required>
      <model_dependent>false</model_dependent>
      <default_value>Static</default_value>
      <choices>
        <choice>
          <value>Static</value>
          <display_name>Static</display_name>
        </choice>
        <choice>
          <value>SwitchGlaze</value>
          <display_name>SwitchGlaze</display_name>
        </choice>
      </choices>
    </argument>
    <argument>
      <name>dot_coverage</name>
      <display_name>Active portion of PV from window surface area</display_name>
      <type>Double</type>
      <units>fraction</units>
      <required>true</required>
      <model_dependent>false</model_dependent>
      <default_value>1</default_value>
    </argument>
    <argument>
      <name>use_tint_iqe</name>
      <display_name>Dynamic power conversion efficiency?</display_name>
      <description>select true if selection of window will be based on tinted level and IQE setting (associated PCE value will be automatically applied)</description>
      <type>Boolean</type>
      <required>false</required>
      <model_dependent>false</model_dependent>
      <default_value>false</default_value>
      <choices>
        <choice>
          <value>true</value>
          <display_name>true</display_name>
        </choice>
        <choice>
          <value>false</value>
          <display_name>false</display_name>
        </choice>
      </choices>
    </argument>
    <argument>
      <name>pv_eff</name>
      <display_name>Fixed PV power conversion efficiency</display_name>
      <description>this value is applied if dynamic power conversion efficiency is false.</description>
      <type>Double</type>
      <units>fraction</units>
      <required>true</required>
      <model_dependent>false</model_dependent>
      <default_value>1</default_value>
    </argument>
    <argument>
      <name>inverter_eff</name>
      <display_name>Fixed Inverter Efficiency</display_name>
      <type>Double</type>
      <units>fraction</units>
      <required>true</required>
      <model_dependent>false</model_dependent>
      <default_value>1</default_value>
    </argument>
    <argument>
      <name>pv_eff_light</name>
      <display_name>PV power conversion efficiency in light state</display_name>
      <description>this value is applied if dynamic power conversion efficiency is false.</description>
      <type>Double</type>
      <units>fraction</units>
      <required>true</required>
      <model_dependent>false</model_dependent>
      <default_value>0.0053</default_value>
    </argument>
    <argument>
      <name>pv_eff_dark</name>
      <display_name>PV power conversion efficiency in dark state</display_name>
      <description>this value is applied if dynamic power conversion efficiency is false.</description>
      <type>Double</type>
      <units>fraction</units>
      <required>true</required>
      <model_dependent>false</model_dependent>
      <default_value>0.18</default_value>
    </argument>
    <argument>
      <name>switch_t</name>
      <display_name>State switching temperature for thermochromic window</display_name>
      <description>this value is applied if switchglaze is selected.</description>
      <type>Double</type>
      <units>C</units>
      <required>true</required>
      <model_dependent>false</model_dependent>
      <default_value>30</default_value>
    </argument>
    <argument>
      <name>debug_mode</name>
      <display_name>Debug Mode</display_name>
      <description>Print debugging info</description>
      <type>Boolean</type>
      <required>false</required>
      <model_dependent>false</model_dependent>
      <default_value>false</default_value>
      <choices>
        <choice>
          <value>true</value>
          <display_name>true</display_name>
        </choice>
        <choice>
          <value>false</value>
          <display_name>false</display_name>
        </choice>
      </choices>
    </argument>
  </arguments>
  <outputs>
    <output>
      <name>panel_rated_output</name>
      <display_name>panel_rated_output</display_name>
      <short_name>panel_rated_output</short_name>
      <type>Double</type>
      <model_dependent>false</model_dependent>
    </output>
    <output>
      <name>panel_rated_output_ip</name>
      <display_name>panel_rated_output_ip</display_name>
      <short_name>panel_rated_output_ip</short_name>
      <type>Double</type>
      <model_dependent>false</model_dependent>
    </output>
    <output>
      <name>system_rated_output</name>
      <display_name>system_rated_output</display_name>
      <short_name>system_rated_output</short_name>
      <type>Double</type>
      <model_dependent>false</model_dependent>
    </output>
    <output>
      <name>pv_area_total_ip</name>
      <display_name>pv_area_total_ip</display_name>
      <short_name>pv_area_total_ip</short_name>
      <type>Double</type>
      <model_dependent>false</model_dependent>
    </output>
    <output>
      <name>facade</name>
      <display_name>facade</display_name>
      <short_name>facade</short_name>
      <type>String</type>
      <model_dependent>false</model_dependent>
    </output>
  </outputs>
  <provenances />
  <tags>
    <tag>Onsite Power Generation.Photovoltaic</tag>
  </tags>
  <attributes>
    <attribute>
      <name>Intended Software Tool</name>
      <value>Apply Measure Now</value>
      <datatype>string</datatype>
    </attribute>
    <attribute>
      <name>Intended Software Tool</name>
      <value>OpenStudio Application</value>
      <datatype>string</datatype>
    </attribute>
    <attribute>
      <name>Intended Software Tool</name>
      <value>Parametric Analysis Tool</value>
      <datatype>string</datatype>
    </attribute>
    <attribute>
      <name>Intended Software Tool</name>
      <value>Analysis Spreadsheet</value>
      <datatype>string</datatype>
    </attribute>
    <attribute>
      <name>Intended Use Case</name>
      <value>Model Articulation</value>
      <datatype>string</datatype>
    </attribute>
    <attribute>
      <name>Intended Use Case</name>
      <value>New Construction EE</value>
      <datatype>string</datatype>
    </attribute>
    <attribute>
      <name>Intended Use Case</name>
      <value>Retrofit EE</value>
      <datatype>string</datatype>
    </attribute>
    <attribute>
      <name>Intended Software Tool</name>
      <value>Apply Measure Now</value>
      <datatype>string</datatype>
    </attribute>
    <attribute>
      <name>Intended Software Tool</name>
      <value>OpenStudio Application</value>
      <datatype>string</datatype>
    </attribute>
    <attribute>
      <name>Intended Software Tool</name>
      <value>Parametric Analysis Tool</value>
      <datatype>string</datatype>
    </attribute>
    <attribute>
      <name>Intended Software Tool</name>
      <value>Analysis Spreadsheet</value>
      <datatype>string</datatype>
    </attribute>
    <attribute>
      <name>Intended Use Case</name>
      <value>Model Articulation</value>
      <datatype>string</datatype>
    </attribute>
    <attribute>
      <name>Intended Use Case</name>
      <value>New Construction EE</value>
      <datatype>string</datatype>
    </attribute>
    <attribute>
      <name>Intended Use Case</name>
      <value>Retrofit EE</value>
      <datatype>string</datatype>
    </attribute>
    <attribute>
      <name>Measure Type</name>
      <value>ModelMeasure</value>
      <datatype>string</datatype>
    </attribute>
    <attribute>
      <name>Intended Software Tool</name>
      <value>Apply Measure Now</value>
      <datatype>string</datatype>
    </attribute>
    <attribute>
      <name>Intended Software Tool</name>
      <value>OpenStudio Application</value>
      <datatype>string</datatype>
    </attribute>
    <attribute>
      <name>Intended Software Tool</name>
      <value>Parametric Analysis Tool</value>
      <datatype>string</datatype>
    </attribute>
    <attribute>
      <name>Intended Software Tool</name>
      <value>Analysis Spreadsheet</value>
      <datatype>string</datatype>
    </attribute>
    <attribute>
      <name>Intended Use Case</name>
      <value>Model Articulation</value>
      <datatype>string</datatype>
    </attribute>
    <attribute>
      <name>Intended Use Case</name>
      <value>New Construction EE</value>
      <datatype>string</datatype>
    </attribute>
    <attribute>
      <name>Intended Use Case</name>
      <value>Retrofit EE</value>
      <datatype>string</datatype>
    </attribute>
  </attributes>
  <files>
    <file>
      <version>
        <software_program>OpenStudio</software_program>
        <identifier>1.9.0</identifier>
        <min_compatible>1.9.0</min_compatible>
      </version>
      <filename>measure.rb</filename>
      <filetype>rb</filetype>
      <usage_type>script</usage_type>
      <checksum>FCD435EC</checksum>
    </file>
  </files>
</measure>
