<?xml version="1.0"?>
<measure>
  <schema_version>3.0</schema_version>
  <name>window_pv_reporting</name>
  <uid>431bcf0c-88e8-43be-97f6-40b274da8bd3</uid>
  <version_id>d950bb25-cda3-46a7-8e28-8fb9a523406c</version_id>
  <version_modified>20210723T174455Z</version_modified>
  <xml_checksum>909877B3</xml_checksum>
  <class_name>WindowPVReporting</class_name>
  <display_name>WindowPV Reporting</display_name>
  <description>Report PV</description>
  <modeler_description>Report measure</modeler_description>
  <arguments />
  <outputs>
    <output>
      <name>total_pv</name>
      <display_name>total_pv</display_name>
      <short_name>total_pv</short_name>
      <type>Double</type>
      <model_dependent>false</model_dependent>
    </output>
    <output>
      <name>building_area_ft</name>
      <display_name>building_area_ft</display_name>
      <short_name>building_area_ft</short_name>
      <type>Double</type>
      <model_dependent>false</model_dependent>
    </output>
    <output>
      <name>capacity_factor</name>
      <display_name>capacity_factor</display_name>
      <short_name>capacity_factor</short_name>
      <type>Double</type>
      <model_dependent>false</model_dependent>
    </output>
    <output>
      <name>total_electricity</name>
      <display_name>total_electricity</display_name>
      <short_name>total_electricity</short_name>
      <type>Double</type>
      <model_dependent>false</model_dependent>
    </output>
    <output>
      <name>total_electricity_heating</name>
      <display_name>total_electricity_heating</display_name>
      <short_name>total_electricity_heating</short_name>
      <type>Double</type>
      <model_dependent>false</model_dependent>
    </output>
    <output>
      <name>total_electricity_cooling</name>
      <display_name>total_electricity_cooling</display_name>
      <short_name>total_electricity_cooling</short_name>
      <type>Double</type>
      <model_dependent>false</model_dependent>
    </output>
    <output>
      <name>total_electricity_lighting_interior</name>
      <display_name>total_electricity_lighting_interior</display_name>
      <short_name>total_electricity_lighting_interior</short_name>
      <type>Double</type>
      <model_dependent>false</model_dependent>
    </output>
    <output>
      <name>total_electricity_lighting_exterior</name>
      <display_name>total_electricity_lighting_exterior</display_name>
      <short_name>total_electricity_lighting_exterior</short_name>
      <type>Double</type>
      <model_dependent>false</model_dependent>
    </output>
    <output>
      <name>total_electricity_equipment_interior</name>
      <display_name>total_electricity_equipment_interior</display_name>
      <short_name>total_electricity_equipment_interior</short_name>
      <type>Double</type>
      <model_dependent>false</model_dependent>
    </output>
    <output>
      <name>total_electricity_fan</name>
      <display_name>total_electricity_fan</display_name>
      <short_name>total_electricity_fan</short_name>
      <type>Double</type>
      <model_dependent>false</model_dependent>
    </output>
    <output>
      <name>total_electricity_pump</name>
      <display_name>total_electricity_pump</display_name>
      <short_name>total_electricity_pump</short_name>
      <type>Double</type>
      <model_dependent>false</model_dependent>
    </output>
    <output>
      <name>total_electricity_heatrejection</name>
      <display_name>total_electricity_heatrejection</display_name>
      <short_name>total_electricity_heatrejection</short_name>
      <type>Double</type>
      <model_dependent>false</model_dependent>
    </output>
    <output>
      <name>total_electricity_humidification</name>
      <display_name>total_electricity_humidification</display_name>
      <short_name>total_electricity_humidification</short_name>
      <type>Double</type>
      <model_dependent>false</model_dependent>
    </output>
    <output>
      <name>total_electricity_heatrecovery</name>
      <display_name>total_electricity_heatrecovery</display_name>
      <short_name>total_electricity_heatrecovery</short_name>
      <type>Double</type>
      <model_dependent>false</model_dependent>
    </output>
    <output>
      <name>total_electricity_watersystem</name>
      <display_name>total_electricity_watersystem</display_name>
      <short_name>total_electricity_watersystem</short_name>
      <type>Double</type>
      <model_dependent>false</model_dependent>
    </output>
    <output>
      <name>total_electricity_refrigeration</name>
      <display_name>total_electricity_refrigeration</display_name>
      <short_name>total_electricity_refrigeration</short_name>
      <type>Double</type>
      <model_dependent>false</model_dependent>
    </output>
    <output>
      <name>total_gas</name>
      <display_name>total_gas</display_name>
      <short_name>total_gas</short_name>
      <type>Double</type>
      <model_dependent>false</model_dependent>
    </output>
    <output>
      <name>total_gas_heating</name>
      <display_name>total_gas_heating</display_name>
      <short_name>total_gas_heating</short_name>
      <type>Double</type>
      <model_dependent>false</model_dependent>
    </output>
    <output>
      <name>total_gas_equipment_interior</name>
      <display_name>total_gas_equipment_interior</display_name>
      <short_name>total_gas_equipment_interior</short_name>
      <type>Double</type>
      <model_dependent>false</model_dependent>
    </output>
    <output>
      <name>total_gas_watersystem</name>
      <display_name>total_gas_watersystem</display_name>
      <short_name>total_gas_watersystem</short_name>
      <type>Double</type>
      <model_dependent>false</model_dependent>
    </output>
    <output>
      <name>panel_dc_gen_jan</name>
      <display_name>panel_dc_gen_jan</display_name>
      <short_name>panel_dc_gen_jan</short_name>
      <type>Double</type>
      <model_dependent>false</model_dependent>
    </output>
    <output>
      <name>panel_dc_gen_feb</name>
      <display_name>panel_dc_gen_feb</display_name>
      <short_name>panel_dc_gen_feb</short_name>
      <type>Double</type>
      <model_dependent>false</model_dependent>
    </output>
    <output>
      <name>panel_dc_gen_mar</name>
      <display_name>panel_dc_gen_mar</display_name>
      <short_name>panel_dc_gen_mar</short_name>
      <type>Double</type>
      <model_dependent>false</model_dependent>
    </output>
    <output>
      <name>panel_dc_gen_apr</name>
      <display_name>panel_dc_gen_apr</display_name>
      <short_name>panel_dc_gen_apr</short_name>
      <type>Double</type>
      <model_dependent>false</model_dependent>
    </output>
    <output>
      <name>panel_dc_gen_may</name>
      <display_name>panel_dc_gen_may</display_name>
      <short_name>panel_dc_gen_may</short_name>
      <type>Double</type>
      <model_dependent>false</model_dependent>
    </output>
    <output>
      <name>panel_dc_gen_jun</name>
      <display_name>panel_dc_gen_jun</display_name>
      <short_name>panel_dc_gen_jun</short_name>
      <type>Double</type>
      <model_dependent>false</model_dependent>
    </output>
    <output>
      <name>panel_dc_gen_jul</name>
      <display_name>panel_dc_gen_jul</display_name>
      <short_name>panel_dc_gen_jul</short_name>
      <type>Double</type>
      <model_dependent>false</model_dependent>
    </output>
    <output>
      <name>panel_dc_gen_aug</name>
      <display_name>panel_dc_gen_aug</display_name>
      <short_name>panel_dc_gen_aug</short_name>
      <type>Double</type>
      <model_dependent>false</model_dependent>
    </output>
    <output>
      <name>panel_dc_gen_sep</name>
      <display_name>panel_dc_gen_sep</display_name>
      <short_name>panel_dc_gen_sep</short_name>
      <type>Double</type>
      <model_dependent>false</model_dependent>
    </output>
    <output>
      <name>panel_dc_gen_oct</name>
      <display_name>panel_dc_gen_oct</display_name>
      <short_name>panel_dc_gen_oct</short_name>
      <type>Double</type>
      <model_dependent>false</model_dependent>
    </output>
    <output>
      <name>panel_dc_gen_nov</name>
      <display_name>panel_dc_gen_nov</display_name>
      <short_name>panel_dc_gen_nov</short_name>
      <type>Double</type>
      <model_dependent>false</model_dependent>
    </output>
    <output>
      <name>panel_dc_gen_dec</name>
      <display_name>panel_dc_gen_dec</display_name>
      <short_name>panel_dc_gen_dec</short_name>
      <type>Double</type>
      <model_dependent>false</model_dependent>
    </output>
    <output>
      <name>light_energy_jan</name>
      <display_name>light_energy_jan</display_name>
      <short_name>light_energy_jan</short_name>
      <type>Double</type>
      <model_dependent>false</model_dependent>
    </output>
    <output>
      <name>light_energy_feb</name>
      <display_name>light_energy_feb</display_name>
      <short_name>light_energy_feb</short_name>
      <type>Double</type>
      <model_dependent>false</model_dependent>
    </output>
    <output>
      <name>light_energy_mar</name>
      <display_name>light_energy_mar</display_name>
      <short_name>light_energy_mar</short_name>
      <type>Double</type>
      <model_dependent>false</model_dependent>
    </output>
    <output>
      <name>light_energy_apr</name>
      <display_name>light_energy_apr</display_name>
      <short_name>light_energy_apr</short_name>
      <type>Double</type>
      <model_dependent>false</model_dependent>
    </output>
    <output>
      <name>light_energy_may</name>
      <display_name>light_energy_may</display_name>
      <short_name>light_energy_may</short_name>
      <type>Double</type>
      <model_dependent>false</model_dependent>
    </output>
    <output>
      <name>light_energy_jun</name>
      <display_name>light_energy_jun</display_name>
      <short_name>light_energy_jun</short_name>
      <type>Double</type>
      <model_dependent>false</model_dependent>
    </output>
    <output>
      <name>light_energy_jul</name>
      <display_name>light_energy_jul</display_name>
      <short_name>light_energy_jul</short_name>
      <type>Double</type>
      <model_dependent>false</model_dependent>
    </output>
    <output>
      <name>light_energy_aug</name>
      <display_name>light_energy_aug</display_name>
      <short_name>light_energy_aug</short_name>
      <type>Double</type>
      <model_dependent>false</model_dependent>
    </output>
    <output>
      <name>light_energy_sep</name>
      <display_name>light_energy_sep</display_name>
      <short_name>light_energy_sep</short_name>
      <type>Double</type>
      <model_dependent>false</model_dependent>
    </output>
    <output>
      <name>light_energy_oct</name>
      <display_name>light_energy_oct</display_name>
      <short_name>light_energy_oct</short_name>
      <type>Double</type>
      <model_dependent>false</model_dependent>
    </output>
    <output>
      <name>light_energy_nov</name>
      <display_name>light_energy_nov</display_name>
      <short_name>light_energy_nov</short_name>
      <type>Double</type>
      <model_dependent>false</model_dependent>
    </output>
    <output>
      <name>light_energy_dec</name>
      <display_name>light_energy_dec</display_name>
      <short_name>light_energy_dec</short_name>
      <type>Double</type>
      <model_dependent>false</model_dependent>
    </output>
    <output>
      <name>building_elec_jan</name>
      <display_name>building_elec_jan</display_name>
      <short_name>building_elec_jan</short_name>
      <type>Double</type>
      <model_dependent>false</model_dependent>
    </output>
    <output>
      <name>building_elec_feb</name>
      <display_name>building_elec_feb</display_name>
      <short_name>building_elec_feb</short_name>
      <type>Double</type>
      <model_dependent>false</model_dependent>
    </output>
    <output>
      <name>building_elec_mar</name>
      <display_name>building_elec_mar</display_name>
      <short_name>building_elec_mar</short_name>
      <type>Double</type>
      <model_dependent>false</model_dependent>
    </output>
    <output>
      <name>building_elec_apr</name>
      <display_name>building_elec_apr</display_name>
      <short_name>building_elec_apr</short_name>
      <type>Double</type>
      <model_dependent>false</model_dependent>
    </output>
    <output>
      <name>building_elec_may</name>
      <display_name>building_elec_may</display_name>
      <short_name>building_elec_may</short_name>
      <type>Double</type>
      <model_dependent>false</model_dependent>
    </output>
    <output>
      <name>building_elec_jun</name>
      <display_name>building_elec_jun</display_name>
      <short_name>building_elec_jun</short_name>
      <type>Double</type>
      <model_dependent>false</model_dependent>
    </output>
    <output>
      <name>building_elec_jul</name>
      <display_name>building_elec_jul</display_name>
      <short_name>building_elec_jul</short_name>
      <type>Double</type>
      <model_dependent>false</model_dependent>
    </output>
    <output>
      <name>building_elec_aug</name>
      <display_name>building_elec_aug</display_name>
      <short_name>building_elec_aug</short_name>
      <type>Double</type>
      <model_dependent>false</model_dependent>
    </output>
    <output>
      <name>building_elec_sep</name>
      <display_name>building_elec_sep</display_name>
      <short_name>building_elec_sep</short_name>
      <type>Double</type>
      <model_dependent>false</model_dependent>
    </output>
    <output>
      <name>building_elec_oct</name>
      <display_name>building_elec_oct</display_name>
      <short_name>building_elec_oct</short_name>
      <type>Double</type>
      <model_dependent>false</model_dependent>
    </output>
    <output>
      <name>building_elec_nov</name>
      <display_name>building_elec_nov</display_name>
      <short_name>building_elec_nov</short_name>
      <type>Double</type>
      <model_dependent>false</model_dependent>
    </output>
    <output>
      <name>building_elec_dec</name>
      <display_name>building_elec_dec</display_name>
      <short_name>building_elec_dec</short_name>
      <type>Double</type>
      <model_dependent>false</model_dependent>
    </output>
    <output>
      <name>building_gas_jan</name>
      <display_name>building_gas_jan</display_name>
      <short_name>building_gas_jan</short_name>
      <type>Double</type>
      <model_dependent>false</model_dependent>
    </output>
    <output>
      <name>building_gas_feb</name>
      <display_name>building_gas_feb</display_name>
      <short_name>building_gas_feb</short_name>
      <type>Double</type>
      <model_dependent>false</model_dependent>
    </output>
    <output>
      <name>building_gas_mar</name>
      <display_name>building_gas_mar</display_name>
      <short_name>building_gas_mar</short_name>
      <type>Double</type>
      <model_dependent>false</model_dependent>
    </output>
    <output>
      <name>building_gas_apr</name>
      <display_name>building_gas_apr</display_name>
      <short_name>building_gas_apr</short_name>
      <type>Double</type>
      <model_dependent>false</model_dependent>
    </output>
    <output>
      <name>building_gas_may</name>
      <display_name>building_gas_may</display_name>
      <short_name>building_gas_may</short_name>
      <type>Double</type>
      <model_dependent>false</model_dependent>
    </output>
    <output>
      <name>building_gas_jun</name>
      <display_name>building_gas_jun</display_name>
      <short_name>building_gas_jun</short_name>
      <type>Double</type>
      <model_dependent>false</model_dependent>
    </output>
    <output>
      <name>building_gas_jul</name>
      <display_name>building_gas_jul</display_name>
      <short_name>building_gas_jul</short_name>
      <type>Double</type>
      <model_dependent>false</model_dependent>
    </output>
    <output>
      <name>building_gas_aug</name>
      <display_name>building_gas_aug</display_name>
      <short_name>building_gas_aug</short_name>
      <type>Double</type>
      <model_dependent>false</model_dependent>
    </output>
    <output>
      <name>building_gas_sep</name>
      <display_name>building_gas_sep</display_name>
      <short_name>building_gas_sep</short_name>
      <type>Double</type>
      <model_dependent>false</model_dependent>
    </output>
    <output>
      <name>building_gas_oct</name>
      <display_name>building_gas_oct</display_name>
      <short_name>building_gas_oct</short_name>
      <type>Double</type>
      <model_dependent>false</model_dependent>
    </output>
    <output>
      <name>building_gas_nov</name>
      <display_name>building_gas_nov</display_name>
      <short_name>building_gas_nov</short_name>
      <type>Double</type>
      <model_dependent>false</model_dependent>
    </output>
    <output>
      <name>building_gas_dec</name>
      <display_name>building_gas_dec</display_name>
      <short_name>building_gas_dec</short_name>
      <type>Double</type>
      <model_dependent>false</model_dependent>
    </output>
  </outputs>
  <provenances />
  <tags>
    <tag>Reporting.QAQC</tag>
  </tags>
  <attributes>
    <attribute>
      <name>Measure Type</name>
      <value>ReportingMeasure</value>
      <datatype>string</datatype>
    </attribute>
    <attribute>
      <name>Intended Software Tool</name>
      <value>OpenStudio Application</value>
      <datatype>string</datatype>
    </attribute>
    <attribute>
      <name>Intended Software Tool</name>
      <value>Parametric Analysis Tool</value>
      <datatype>string</datatype>
    </attribute>
    <attribute>
      <name>Intended Software Tool</name>
      <value>Analysis Spreadsheet</value>
      <datatype>string</datatype>
    </attribute>
    <attribute>
      <name>Intended Use Case</name>
      <value>Calibration</value>
      <datatype>string</datatype>
    </attribute>
    <attribute>
      <name>Intended Use Case</name>
      <value>Automatic Report Generation</value>
      <datatype>string</datatype>
    </attribute>
  </attributes>
  <files>
    <file>
      <filename>ubi_qd_reporting_test.rb</filename>
      <filetype>rb</filetype>
      <usage_type>test</usage_type>
      <checksum>7073E48D</checksum>
    </file>
    <file>
      <filename>example_model.osm</filename>
      <filetype>osm</filetype>
      <usage_type>test</usage_type>
      <checksum>39B6E26C</checksum>
    </file>
    <file>
      <filename>USA_CO_Golden-NREL.724666_TMY3.epw</filename>
      <filetype>epw</filetype>
      <usage_type>test</usage_type>
      <checksum>BDF687C1</checksum>
    </file>
    <file>
      <filename>report.html.in</filename>
      <filetype>in</filetype>
      <usage_type>resource</usage_type>
      <checksum>3F69E3FB</checksum>
    </file>
    <file>
      <filename>os_lib_helper_methods.rb</filename>
      <filetype>rb</filetype>
      <usage_type>resource</usage_type>
      <checksum>A6430141</checksum>
    </file>
    <file>
      <version>
        <software_program>OpenStudio</software_program>
        <identifier>2.1.0</identifier>
        <min_compatible>2.1.0</min_compatible>
      </version>
      <filename>measure.rb</filename>
      <filetype>rb</filetype>
      <usage_type>script</usage_type>
      <checksum>74E7B283</checksum>
    </file>
  </files>
</measure>
