<?xml version="1.0"?>
<measure>
  <schema_version>3.0</schema_version>
  <name>a_inject_window_specific_idf_objects</name>
  <uid>b5cd7571-8ee9-4657-845b-43513fd2b983</uid>
  <version_id>046ba19d-e540-4924-975d-3a8aba063a67</version_id>
  <version_modified>20200818T002708Z</version_modified>
  <xml_checksum>79C5D5D1</xml_checksum>
  <class_name>AInjectWindowSpecificIDFObjects</class_name>
  <display_name> Inject Window Specific IDF Objects</display_name>
  <description>This measure allows you to inject IDF objects into an OSM generated IDF prior to passing the IDF off to EnergyPlus.</description>
  <modeler_description>This provides a stepping stone between exporting an IDF from OpenStudio and hand editing the IDF and writing fully functional OpenStudio EnergyPlus measures.

This measure works for when you just need to add new IDF objects. If you need to interact with or alter IDF objects made by the OpenStudio forward translator, you will want to write an EnergyPlus measure wtih more use-case specific logic.</modeler_description>
  <arguments>
    <argument>
      <name>glztype</name>
      <display_name>Choice of IGU</display_name>
      <type>Choice</type>
      <required>true</required>
      <model_dependent>false</model_dependent>
      <default_value>SwitchGlaze</default_value>
      <choices>
        <choice>
          <value>======================</value>
          <display_name>======================</display_name>
        </choice>
        <choice>
          <value>NEXT Energy Scenarios</value>
          <display_name>NEXT Energy Scenarios</display_name>
        </choice>
        <choice>
          <value>======================</value>
          <display_name>======================</display_name>
        </choice>
        <choice>
          <value>ASHRAE_Simplified</value>
          <display_name>ASHRAE_Simplified</display_name>
        </choice>
        <choice>
          <value>Baseline_GlzSys6</value>
          <display_name>Baseline_GlzSys6</display_name>
        </choice>
        <choice>
          <value>Baseline_GlzSys13</value>
          <display_name>Baseline_GlzSys13</display_name>
        </choice>
        <choice>
          <value>Baseline_GlzSys15</value>
          <display_name>Baseline_GlzSys15</display_name>
        </choice>
        <choice>
          <value>Baseline_GlzSys6_13</value>
          <display_name>Baseline_GlzSys6_13</display_name>
        </choice>
        <choice>
          <value>Baseline_GlzSys15_withPV</value>
          <display_name>Baseline_GlzSys15_withPV</display_name>
        </choice>
        <choice>
          <value>GlzSys_6_withoutPV</value>
          <display_name>GlzSys_6_withoutPV</display_name>
        </choice>
        <choice>
          <value>GlzSys_13_withoutPV</value>
          <display_name>GlzSys_13_withoutPV</display_name>
        </choice>
        <choice>
          <value>GlzSys_6_withPV</value>
          <display_name>GlzSys_6_withPV</display_name>
        </choice>
        <choice>
          <value>GlzSys_13_withPV</value>
          <display_name>GlzSys_13_withPV</display_name>
        </choice>
        <choice>
          <value>======================</value>
          <display_name>======================</display_name>
        </choice>
        <choice>
          <value>ASHRAE_Detailed</value>
          <display_name>ASHRAE_Detailed</display_name>
        </choice>
        <choice>
          <value>======================</value>
          <display_name>======================</display_name>
        </choice>
        <choice>
          <value>VeryHot_ASHRAE</value>
          <display_name>VeryHot_ASHRAE</display_name>
        </choice>
        <choice>
          <value>Hot_ASHRAE</value>
          <display_name>Hot_ASHRAE</display_name>
        </choice>
        <choice>
          <value>Cold_ASHRAE</value>
          <display_name>Cold_ASHRAE</display_name>
        </choice>
        <choice>
          <value>VeryCold_ASHRAE</value>
          <display_name>VeryCold_ASHRAE</display_name>
        </choice>
        <choice>
          <value>======================</value>
          <display_name>======================</display_name>
        </choice>
        <choice>
          <value>Tinted</value>
          <display_name>Tinted</display_name>
        </choice>
        <choice>
          <value>======================</value>
          <display_name>======================</display_name>
        </choice>
        <choice>
          <value>Tinted_25pct_N</value>
          <display_name>Tinted_25pct_N</display_name>
        </choice>
        <choice>
          <value>======================</value>
          <display_name>======================</display_name>
        </choice>
        <choice>
          <value>VeryHot_Tinted_25pct_N_IQE0</value>
          <display_name>VeryHot_Tinted_25pct_N_IQE0</display_name>
        </choice>
        <choice>
          <value>Hot_Tinted_25pct_N_IQE0</value>
          <display_name>Hot_Tinted_25pct_N_IQE0</display_name>
        </choice>
        <choice>
          <value>Cold_Tinted_25pct_N_IQE0</value>
          <display_name>Cold_Tinted_25pct_N_IQE0</display_name>
        </choice>
        <choice>
          <value>VeryCold_Tinted_25pct_N_IQE0</value>
          <display_name>VeryCold_Tinted_25pct_N_IQE0</display_name>
        </choice>
        <choice>
          <value>======================</value>
          <display_name>======================</display_name>
        </choice>
        <choice>
          <value>VeryHot_Tinted_25pct_N_IQE0pt4</value>
          <display_name>VeryHot_Tinted_25pct_N_IQE0pt4</display_name>
        </choice>
        <choice>
          <value>Hot_Tinted_25pct_N_IQE0pt4</value>
          <display_name>Hot_Tinted_25pct_N_IQE0pt4</display_name>
        </choice>
        <choice>
          <value>Cold_Tinted_25pct_N_IQE0pt4</value>
          <display_name>Cold_Tinted_25pct_N_IQE0pt4</display_name>
        </choice>
        <choice>
          <value>VeryCold_Tinted_25pct_N_IQE0pt4</value>
          <display_name>VeryCold_Tinted_25pct_N_IQE0pt4</display_name>
        </choice>
        <choice>
          <value>======================</value>
          <display_name>======================</display_name>
        </choice>
        <choice>
          <value>VeryHot_Tinted_25pct_N_IQE0pt6</value>
          <display_name>VeryHot_Tinted_25pct_N_IQE0pt6</display_name>
        </choice>
        <choice>
          <value>Hot_Tinted_25pct_N_IQE0pt6</value>
          <display_name>Hot_Tinted_25pct_N_IQE0pt6</display_name>
        </choice>
        <choice>
          <value>Cold_Tinted_25pct_N_IQE0pt6</value>
          <display_name>Cold_Tinted_25pct_N_IQE0pt6</display_name>
        </choice>
        <choice>
          <value>VeryCold_Tinted_25pct_N_IQE0pt6</value>
          <display_name>VeryCold_Tinted_25pct_N_IQE0pt6</display_name>
        </choice>
        <choice>
          <value>======================</value>
          <display_name>======================</display_name>
        </choice>
        <choice>
          <value>VeryHot_Tinted_25pct_N_IQE0pt8</value>
          <display_name>VeryHot_Tinted_25pct_N_IQE0pt8</display_name>
        </choice>
        <choice>
          <value>Hot_Tinted_25pct_N_IQE0pt8</value>
          <display_name>Hot_Tinted_25pct_N_IQE0pt8</display_name>
        </choice>
        <choice>
          <value>Cold_Tinted_25pct_N_IQE0pt8</value>
          <display_name>Cold_Tinted_25pct_N_IQE0pt8</display_name>
        </choice>
        <choice>
          <value>VeryCold_Tinted_25pct_N_IQE0pt8</value>
          <display_name>VeryCold_Tinted_25pct_N_IQE0pt8</display_name>
        </choice>
        <choice>
          <value>======================</value>
          <display_name>======================</display_name>
        </choice>
        <choice>
          <value>Tinted_50pct_N</value>
          <display_name>Tinted_50pct_N</display_name>
        </choice>
        <choice>
          <value>======================</value>
          <display_name>======================</display_name>
        </choice>
        <choice>
          <value>VeryHot_Tinted_50pct_N_IQE0</value>
          <display_name>VeryHot_Tinted_50pct_N_IQE0</display_name>
        </choice>
        <choice>
          <value>Hot_Tinted_50pct_N_IQE0</value>
          <display_name>Hot_Tinted_50pct_N_IQE0</display_name>
        </choice>
        <choice>
          <value>Cold_Tinted_50pct_N_IQE0</value>
          <display_name>Cold_Tinted_50pct_N_IQE0</display_name>
        </choice>
        <choice>
          <value>VeryCold_Tinted_50pct_N_IQE0</value>
          <display_name>VeryCold_Tinted_50pct_N_IQE0</display_name>
        </choice>
        <choice>
          <value>======================</value>
          <display_name>======================</display_name>
        </choice>
        <choice>
          <value>VeryHot_Tinted_50pct_N_IQE0pt4</value>
          <display_name>VeryHot_Tinted_50pct_N_IQE0pt4</display_name>
        </choice>
        <choice>
          <value>Hot_Tinted_50pct_N_IQE0pt4</value>
          <display_name>Hot_Tinted_50pct_N_IQE0pt4</display_name>
        </choice>
        <choice>
          <value>Cold_Tinted_50pct_N_IQE0pt4</value>
          <display_name>Cold_Tinted_50pct_N_IQE0pt4</display_name>
        </choice>
        <choice>
          <value>VeryCold_Tinted_50pct_N_IQE0pt4</value>
          <display_name>VeryCold_Tinted_50pct_N_IQE0pt4</display_name>
        </choice>
        <choice>
          <value>======================</value>
          <display_name>======================</display_name>
        </choice>
        <choice>
          <value>VeryHot_Tinted_50pct_N_IQE0pt6</value>
          <display_name>VeryHot_Tinted_50pct_N_IQE0pt6</display_name>
        </choice>
        <choice>
          <value>Hot_Tinted_50pct_N_IQE0pt6</value>
          <display_name>Hot_Tinted_50pct_N_IQE0pt6</display_name>
        </choice>
        <choice>
          <value>Cold_Tinted_50pct_N_IQE0pt6</value>
          <display_name>Cold_Tinted_50pct_N_IQE0pt6</display_name>
        </choice>
        <choice>
          <value>VeryCold_Tinted_50pct_N_IQE0pt6</value>
          <display_name>VeryCold_Tinted_50pct_N_IQE0pt6</display_name>
        </choice>
        <choice>
          <value>======================</value>
          <display_name>======================</display_name>
        </choice>
        <choice>
          <value>VeryHot_Tinted_50pct_N_IQE0pt8</value>
          <display_name>VeryHot_Tinted_50pct_N_IQE0pt8</display_name>
        </choice>
        <choice>
          <value>Hot_Tinted_50pct_N_IQE0pt8</value>
          <display_name>Hot_Tinted_50pct_N_IQE0pt8</display_name>
        </choice>
        <choice>
          <value>Cold_Tinted_50pct_N_IQE0pt8</value>
          <display_name>Cold_Tinted_50pct_N_IQE0pt8</display_name>
        </choice>
        <choice>
          <value>VeryCold_Tinted_50pct_N_IQE0pt8</value>
          <display_name>VeryCold_Tinted_50pct_N_IQE0pt8</display_name>
        </choice>
        <choice>
          <value>======================</value>
          <display_name>======================</display_name>
        </choice>
        <choice>
          <value>Tinted_50pct_S</value>
          <display_name>Tinted_50pct_S</display_name>
        </choice>
        <choice>
          <value>======================</value>
          <display_name>======================</display_name>
        </choice>
        <choice>
          <value>VeryHot_Tinted_50pct_S_IQE0</value>
          <display_name>VeryHot_Tinted_50pct_S_IQE0</display_name>
        </choice>
        <choice>
          <value>Hot_Tinted_50pct_S_IQE0</value>
          <display_name>Hot_Tinted_50pct_S_IQE0</display_name>
        </choice>
        <choice>
          <value>Cold_Tinted_50pct_S_IQE0</value>
          <display_name>Cold_Tinted_50pct_S_IQE0</display_name>
        </choice>
        <choice>
          <value>VeryCold_Tinted_50pct_S_IQE0</value>
          <display_name>VeryCold_Tinted_50pct_S_IQE0</display_name>
        </choice>
        <choice>
          <value>======================</value>
          <display_name>======================</display_name>
        </choice>
        <choice>
          <value>VeryHot_Tinted_50pct_S_IQE0pt4</value>
          <display_name>VeryHot_Tinted_50pct_S_IQE0pt4</display_name>
        </choice>
        <choice>
          <value>Hot_Tinted_50pct_S_IQE0pt4</value>
          <display_name>Hot_Tinted_50pct_S_IQE0pt4</display_name>
        </choice>
        <choice>
          <value>Cold_Tinted_50pct_S_IQE0pt4</value>
          <display_name>Cold_Tinted_50pct_S_IQE0pt4</display_name>
        </choice>
        <choice>
          <value>VeryCold_Tinted_50pct_S_IQE0pt4</value>
          <display_name>VeryCold_Tinted_50pct_S_IQE0pt4</display_name>
        </choice>
        <choice>
          <value>======================</value>
          <display_name>======================</display_name>
        </choice>
        <choice>
          <value>VeryHot_Tinted_50pct_S_IQE0pt6</value>
          <display_name>VeryHot_Tinted_50pct_S_IQE0pt6</display_name>
        </choice>
        <choice>
          <value>Hot_Tinted_50pct_S_IQE0pt6</value>
          <display_name>Hot_Tinted_50pct_S_IQE0pt6</display_name>
        </choice>
        <choice>
          <value>Cold_Tinted_50pct_S_IQE0pt6</value>
          <display_name>Cold_Tinted_50pct_S_IQE0pt6</display_name>
        </choice>
        <choice>
          <value>VeryCold_Tinted_50pct_S_IQE0pt6</value>
          <display_name>VeryCold_Tinted_50pct_S_IQE0pt6</display_name>
        </choice>
        <choice>
          <value>======================</value>
          <display_name>======================</display_name>
        </choice>
        <choice>
          <value>VeryHot_Tinted_50pct_S_IQE0pt8</value>
          <display_name>VeryHot_Tinted_50pct_S_IQE0pt8</display_name>
        </choice>
        <choice>
          <value>Hot_Tinted_50pct_S_IQE0pt8</value>
          <display_name>Hot_Tinted_50pct_S_IQE0pt8</display_name>
        </choice>
        <choice>
          <value>Cold_Tinted_50pct_S_IQE0pt8</value>
          <display_name>Cold_Tinted_50pct_S_IQE0pt8</display_name>
        </choice>
        <choice>
          <value>VeryCold_Tinted_50pct_S_IQE0pt8</value>
          <display_name>VeryCold_Tinted_50pct_S_IQE0pt8</display_name>
        </choice>
        <choice>
          <value>======================</value>
          <display_name>======================</display_name>
        </choice>
        <choice>
          <value>SwitchGlaze</value>
          <display_name>SwitchGlaze</display_name>
        </choice>
        <choice>
          <value>======================</value>
          <display_name>======================</display_name>
        </choice>
        <choice>
          <value>0pt5pct_N_IQE0</value>
          <display_name>0pt5pct_N_IQE0</display_name>
        </choice>
        <choice>
          <value>0pt5pct_N_IQE0pt4</value>
          <display_name>0pt5pct_N_IQE0pt4</display_name>
        </choice>
        <choice>
          <value>0pt5pct_N_IQE0pt6</value>
          <display_name>0pt5pct_N_IQE0pt6</display_name>
        </choice>
        <choice>
          <value>0pt5pct_N_IQE0pt8</value>
          <display_name>0pt5pct_N_IQE0pt8</display_name>
        </choice>
        <choice>
          <value>5pct_N_IQE0</value>
          <display_name>5pct_N_IQE0</display_name>
        </choice>
        <choice>
          <value>5pct_N_IQE0pt4</value>
          <display_name>5pct_N_IQE0pt4</display_name>
        </choice>
        <choice>
          <value>5pct_N_IQE0pt6</value>
          <display_name>5pct_N_IQE0pt6</display_name>
        </choice>
        <choice>
          <value>5pct_N_IQE0pt8</value>
          <display_name>5pct_N_IQE0pt8</display_name>
        </choice>
        <choice>
          <value>======================</value>
          <display_name>======================</display_name>
        </choice>
        <choice>
          <value>Old Windows</value>
          <display_name>Old Windows</display_name>
        </choice>
        <choice>
          <value>======================</value>
          <display_name>======================</display_name>
        </choice>
        <choice>
          <value>Single_Pane</value>
          <display_name>Single_Pane</display_name>
        </choice>
        <choice>
          <value>Double_Pane</value>
          <display_name>Double_Pane</display_name>
        </choice>
        <choice>
          <value>======================</value>
          <display_name>======================</display_name>
        </choice>
        <choice>
          <value>Others</value>
          <display_name>Others</display_name>
        </choice>
        <choice>
          <value>======================</value>
          <display_name>======================</display_name>
        </choice>
        <choice>
          <value>VeryHot_Dark</value>
          <display_name>VeryHot_Dark</display_name>
        </choice>
        <choice>
          <value>VeryHot_Light</value>
          <display_name>VeryHot_Light</display_name>
        </choice>
        <choice>
          <value>Hot_Dark</value>
          <display_name>Hot_Dark</display_name>
        </choice>
        <choice>
          <value>Hot_Light</value>
          <display_name>Hot_Light</display_name>
        </choice>
        <choice>
          <value>Cold_Dark</value>
          <display_name>Cold_Dark</display_name>
        </choice>
        <choice>
          <value>Cold_Light</value>
          <display_name>Cold_Light</display_name>
        </choice>
        <choice>
          <value>VeryCold_Dark</value>
          <display_name>VeryCold_Dark</display_name>
        </choice>
        <choice>
          <value>VeryCold_Light</value>
          <display_name>VeryCold_Light</display_name>
        </choice>
      </choices>
    </argument>
    <argument>
      <name>choice</name>
      <display_name>Choice of window</display_name>
      <type>Choice</type>
      <required>true</required>
      <model_dependent>false</model_dependent>
      <default_value>All fenestration surfaces</default_value>
      <choices>
        <choice>
          <value>All fenestration surfaces</value>
          <display_name>All fenestration surfaces</display_name>
        </choice>
        <choice>
          <value>inferred</value>
          <display_name>inferred</display_name>
        </choice>
      </choices>
    </argument>
    <argument>
      <name>idf_path</name>
      <display_name>path to the folder that includes idf files containing window objects</display_name>
      <type>String</type>
      <required>true</required>
      <model_dependent>false</model_dependent>
      <default_value>C:\SpectralIDFs</default_value>
    </argument>
    <argument>
      <name>t_switching</name>
      <display_name>Switching temperature of a thermochromic window</display_name>
      <description>Only applicable when thermochromic window is selected</description>
      <type>Double</type>
      <units>C</units>
      <required>true</required>
      <model_dependent>false</model_dependent>
      <default_value>35</default_value>
    </argument>
    <argument>
      <name>serverrun</name>
      <display_name>Running on the server (and not in local)?</display_name>
      <description>Select if simulation is being ran on the server</description>
      <type>Boolean</type>
      <required>false</required>
      <model_dependent>false</model_dependent>
      <default_value>false</default_value>
      <choices>
        <choice>
          <value>true</value>
          <display_name>true</display_name>
        </choice>
        <choice>
          <value>false</value>
          <display_name>false</display_name>
        </choice>
      </choices>
    </argument>
  </arguments>
  <outputs />
  <provenances />
  <tags>
    <tag>Envelope.Fenestration</tag>
  </tags>
  <attributes>
    <attribute>
      <name>Uses SketchUp API</name>
      <value>false</value>
      <datatype>boolean</datatype>
    </attribute>
    <attribute>
      <name>Intended Software Tool</name>
      <value>OpenStudio Application</value>
      <datatype>string</datatype>
    </attribute>
    <attribute>
      <name>Intended Software Tool</name>
      <value>Parametric Analysis Tool</value>
      <datatype>string</datatype>
    </attribute>
    <attribute>
      <name>Intended Software Tool</name>
      <value>Analysis Spreadsheet</value>
      <datatype>string</datatype>
    </attribute>
    <attribute>
      <name>Intended Use Case</name>
      <value>Model Articulation</value>
      <datatype>string</datatype>
    </attribute>
    <attribute>
      <name>Measure Type</name>
      <value>EnergyPlusMeasure</value>
      <datatype>string</datatype>
    </attribute>
    <attribute>
      <name>Intended Software Tool</name>
      <value>OpenStudio Application</value>
      <datatype>string</datatype>
    </attribute>
    <attribute>
      <name>Intended Software Tool</name>
      <value>Parametric Analysis Tool</value>
      <datatype>string</datatype>
    </attribute>
    <attribute>
      <name>Intended Software Tool</name>
      <value>Analysis Spreadsheet</value>
      <datatype>string</datatype>
    </attribute>
    <attribute>
      <name>Intended Use Case</name>
      <value>Model Articulation</value>
      <datatype>string</datatype>
    </attribute>
  </attributes>
  <files>
    <file>
      <filename>EnvelopeAndLoadTestModel_01.osm</filename>
      <filetype>osm</filetype>
      <usage_type>test</usage_type>
      <checksum>E11F67BD</checksum>
    </file>
    <file>
      <filename>Example B - BlockEnergyCharge.idf</filename>
      <filetype>idf</filetype>
      <usage_type>test</usage_type>
      <checksum>F90DD242</checksum>
    </file>
    <file>
      <filename>test.osw</filename>
      <filetype>osw</filetype>
      <usage_type>test</usage_type>
      <checksum>F5FABCCF</checksum>
    </file>
    <file>
      <filename>measure_Test.rb</filename>
      <filetype>rb</filetype>
      <usage_type>test</usage_type>
      <checksum>39461B1F</checksum>
    </file>
    <file>
      <filename>LICENSE.md</filename>
      <filetype>md</filetype>
      <usage_type>license</usage_type>
      <checksum>9640B6CB</checksum>
    </file>
    <file>
      <version>
        <software_program>OpenStudio</software_program>
        <identifier>2.0.0</identifier>
        <min_compatible>2.0.0</min_compatible>
      </version>
      <filename>measure.rb</filename>
      <filetype>rb</filetype>
      <usage_type>script</usage_type>
      <checksum>785F880C</checksum>
    </file>
  </files>
</measure>
