<measure>
  <schema_version>3.0</schema_version>
  <name>add_meter</name>
  <uid>ad4015f2-6d1d-4bb2-84b1-db47bc67a5b2</uid>
  <version_id>deeace3c-39e7-4a82-aba8-e19e9a63f13a</version_id>
  <version_modified>20181101T151202Z</version_modified>
  <xml_checksum>0CA4D54C</xml_checksum>
  <class_name>AddMeter</class_name>
  <display_name>Add Meter</display_name>
  <description>This measure adds an meter at the requested reporting frequency.</description>
  <modeler_description>The measure just passes in the string and does not validate that it is a proper meter name. It is up to the user to know this or to look at the .mdd file from a previous simulation run.</modeler_description>
  <arguments>
    <argument>
      <name>meter_name</name>
      <display_name>Enter Meter Name</display_name>
      <type>String</type>
      <required>true</required>
      <model_dependent>false</model_dependent>
      <default_value>Electricity:Facility</default_value>
    </argument>
    <argument>
      <name>reporting_frequency</name>
      <display_name>Reporting Frequency</display_name>
      <type>Choice</type>
      <required>true</required>
      <model_dependent>false</model_dependent>
      <default_value>hourly</default_value>
      <choices>
        <choice>
          <value>detailed</value>
          <display_name>detailed</display_name>
        </choice>
        <choice>
          <value>timestep</value>
          <display_name>timestep</display_name>
        </choice>
        <choice>
          <value>hourly</value>
          <display_name>hourly</display_name>
        </choice>
        <choice>
          <value>daily</value>
          <display_name>daily</display_name>
        </choice>
        <choice>
          <value>monthly</value>
          <display_name>monthly</display_name>
        </choice>
      </choices>
    </argument>
  </arguments>
  <outputs/>
  <provenances/>
  <tags>
    <tag>Reporting.QAQC</tag>
  </tags>
  <attributes>
    <attribute>
      <name>Measure Type</name>
      <value>ModelMeasure</value>
      <datatype>string</datatype>
    </attribute>
    <attribute>
      <name>Measure Function</name>
      <value>Measure</value>
      <datatype>string</datatype>
    </attribute>
    <attribute>
      <name>Requires EnergyPlus Results</name>
      <value>false</value>
      <datatype>boolean</datatype>
    </attribute>
    <attribute>
      <name>Uses SketchUp API</name>
      <value>false</value>
      <datatype>boolean</datatype>
    </attribute>
  </attributes>
  <files>
    <file>
      <version>
        <software_program>OpenStudio</software_program>
        <identifier>2.0.0</identifier>
        <min_compatible>2.0.0</min_compatible>
      </version>
      <filename>measure.rb</filename>
      <filetype>rb</filetype>
      <usage_type>script</usage_type>
      <checksum>365AE4CD</checksum>
    </file>
    <file>
      <filename>AddMeter_Test.rb</filename>
      <filetype>rb</filetype>
      <usage_type>test</usage_type>
      <checksum>4DBFDD97</checksum>
    </file>
    <file>
      <filename>LICENSE.md</filename>
      <filetype>md</filetype>
      <usage_type>license</usage_type>
      <checksum>9640B6CB</checksum>
    </file>
    <file>
      <filename>README.md.erb</filename>
      <filetype>erb</filetype>
      <usage_type>readmeerb</usage_type>
      <checksum>703C9964</checksum>
    </file>
    <file>
      <filename>README.md</filename>
      <filetype>md</filetype>
      <usage_type>readme</usage_type>
      <checksum>29718290</checksum>
    </file>
  </files>
</measure>
